Name,Pokedex Number,Can_Evolve,Type 1,Type 2,Total,HP,Attack,Defense,Sp. Atk,Sp. Def,Speed,Generation,Legendary,Rank,Usage %,Raw,%,Real,%
Tauros,128,FALSE,Normal,,490,75,100,95,40,70,110,1,FALSE,349,0.03%,3462,0.33%,2122,0.33%
Arcanine,59,FALSE,Fire,,555,90,110,80,100,80,95,1,FALSE,148,0.23%,21098,2.02%,14174,2.19%
Shelmet,616,TRUE,Bug,,305,50,40,85,40,65,25,5,FALSE,928,0.00%,113,0.01%,69,0.01%
SilvallyFire,773,FALSE,Fire,,570,95,95,95,95,95,95,7,TRUE,614,0.00%,852,0.08%,431,0.07%
DeoxysNormal,386,FALSE,Psychic,,600,50,150,50,150,50,150,3,TRUE,255,0.06%,2597,0.25%,1500,0.23%
SilvallyFlying,773,FALSE,Flying,,570,95,95,95,95,95,95,7,TRUE,546,0.00%,286,0.03%,194,0.03%
Kirlia,281,TRUE,Psychic,Fairy,278,38,35,35,65,55,50,3,FALSE,660,0.00%,302,0.03%,189,0.03%
NecrozmaDawnWings,800,FALSE,Psychic,Ghost,680,97,113,109,157,127,77,7,TRUE,25,4.69%,35921,3.43%,21652,3.35%
Mime Jr.,439,TRUE,Psychic,Fairy,310,20,25,45,70,90,60,4,FALSE,728,0.00%,133,0.01%,95,0.02%
Pikachu,25,TRUE,Electric,,320,35,55,40,50,50,90,1,FALSE,220,0.10%,17656,1.69%,17613,1.88%
Lampent,608,TRUE,Ghost,Fire,370,60,40,60,95,60,55,5,FALSE,795,0.00%,135,0.01%,94,0.02%
Delcatty,301,FALSE,Normal,,380,70,65,65,55,55,70,3,FALSE,640,0.00%,1216,0.12%,825,0.13%
Muk,89,FALSE,Poison,,500,105,105,75,65,100,50,1,FALSE,390,0.02%,2714,0.26%,1761,0.27%
Rotom,479,FALSE,Electric,Ghost,440,50,50,77,95,77,91,4,FALSE,408,0.02%,2674,0.26%,2003,0.31%
Girafarig,203,FALSE,Normal,Psychic,455,70,80,65,90,65,85,2,FALSE,426,0.01%,1280,0.12%,864,0.13%
Chikorita,152,TRUE,Grass,,318,45,49,65,49,65,45,2,FALSE,603,0.00%,113,0.01%,68,0.01%
Woobat,527,TRUE,Psychic,Flying,313,55,45,43,55,43,72,5,FALSE,783,0.00%,81,0.01%,44,0.01%
Gothita,574,TRUE,Psychic,,290,45,30,50,55,65,45,5,FALSE,895,0.00%,31,0.00%,27,0.00%
Seadra,117,TRUE,Water,,440,55,65,95,95,45,85,1,FALSE,833,0.00%,129,0.01%,88,0.01%
Sneasel,215,TRUE,Dark,Ice,430,55,95,55,35,75,115,2,FALSE,529,0.01%,892,0.09%,624,0.10%
Luxio,404,TRUE,Electric,,363,60,85,49,60,49,60,4,FALSE,852,0.00%,86,0.01%,62,0.01%
Patrat,504,TRUE,Normal,,255,45,55,39,35,39,42,5,FALSE,944,0.00%,79,0.01%,58,0.01%
ThundurusTherian,642,FALSE,Electric,Flying,580,79,105,70,145,80,101,5,TRUE,306,0.04%,5459,0.52%,3437,0.53%
Lugia,249,FALSE,Psychic,Flying,680,106,90,130,90,154,110,2,TRUE,20,6.31%,38677,3.70%,23493,3.63%
Sudowoodo,185,FALSE,Rock,,410,70,100,115,30,65,30,2,FALSE,576,0.00%,1041,0.10%,678,0.11%
ArceusGrass,493,FALSE,Grass,,720,120,120,120,120,120,120,4,TRUE,74,0.98%,3262,0.31%,2137,0.33%
Tentacruel,73,FALSE,Water,Poison,515,80,70,65,80,120,100,1,FALSE,99,0.56%,8004,0.77%,5591,0.86%
Loudred,294,TRUE,Normal,,360,84,71,43,71,43,48,3,FALSE,801,0.00%,86,0.01%,49,0.01%
GolemAlola,76,FALSE,Rock,Electric,495,80,120,130,55,65,45,7,FALSE,348,0.03%,3674,0.35%,2395,0.37%
Duosion,578,TRUE,Psychic,,370,65,40,50,125,60,30,5,FALSE,758,0.00%,121,0.01%,74,0.01%
Rufflet,627,TRUE,Normal,Flying,350,70,83,50,37,50,60,5,FALSE,958,0.00%,69,0.01%,54,0.01%
Forretress,205,FALSE,Bug,Steel,465,75,90,140,60,60,40,2,FALSE,88,0.72%,20281,1.94%,17051,2.64%
Geodude,74,TRUE,Rock,Ground,300,40,80,100,30,30,20,1,FALSE,755,0.00%,349,0.03%,191,0.03%
Roserade,407,FALSE,Grass,Poison,515,60,70,65,125,105,90,4,FALSE,226,0.08%,9156,0.88%,6174,0.95%
Fletchinder,662,TRUE,Fire,Flying,382,62,73,55,56,52,84,6,FALSE,686,0.00%,253,0.02%,194,0.03%
Zebstrika,523,FALSE,Electric,,497,75,100,63,80,63,116,5,FALSE,491,0.01%,1896,0.18%,1302,0.20%
Probopass,476,FALSE,Rock,Steel,525,60,55,145,75,150,40,4,FALSE,178,0.16%,3115,0.30%,1988,0.31%
SilvallyPsychic,773,FALSE,Psychic,,570,95,95,95,95,95,95,7,TRUE,881,0.00%,105,0.01%,65,0.01%
Staravia,397,TRUE,Normal,Flying,340,55,75,50,40,40,80,4,FALSE,835,0.00%,280,0.03%,119,0.02%
Mudsdale,750,FALSE,Ground,,500,100,125,100,55,85,35,7,FALSE,436,0.01%,6254,0.60%,3226,0.50%
Pelipper,279,FALSE,Water,Flying,430,60,50,100,85,70,65,3,FALSE,246,0.06%,7063,0.68%,5170,0.80%
Sunkern,191,TRUE,Grass,,180,30,30,30,30,30,30,2,FALSE,621,0.00%,501,0.05%,271,0.04%
Basculin,550,FALSE,Water,,460,70,92,65,80,55,98,5,FALSE,653,0.00%,1258,0.12%,612,0.10%
Mawile,303,FALSE,Steel,Fairy,380,50,85,85,55,55,50,3,FALSE,464,0.01%,1525,0.15%,995,0.15%
Hakamo-o,783,FALSE,Dragon,Fighting,420,55,75,90,65,70,65,7,FALSE,802,0.00%,158,0.02%,123,0.02%
SilvallyPoison,773,FALSE,Poison,,570,95,95,95,95,95,95,7,TRUE,558,0.00%,237,0.02%,153,0.02%
Grotle,388,TRUE,Grass,,405,75,89,85,55,65,36,4,FALSE,789,0.00%,136,0.01%,108,0.02%
Rhydon,112,TRUE,Ground,Rock,485,105,130,120,45,45,40,1,FALSE,269,0.05%,2808,0.27%,2059,0.32%
Leavanny,542,FALSE,Bug,Grass,500,75,103,80,70,80,92,5,FALSE,133,0.28%,2652,0.25%,2030,0.31%
SalamenceMega,373,FALSE,Dragon,Flying,700,95,145,130,120,90,120,3,FALSE,47,1.86%,22044,2.11%,13926,2.15%
Jangmo-o,782,TRUE,Dragon,,300,45,55,65,45,45,45,7,FALSE,819,0.00%,74,0.01%,49,0.01%
GroudonPrimal,383,FALSE,Ground,Fire,770,100,180,160,150,90,90,3,TRUE,2,46.29%,135323,12.93%,94976,14.68%
Blissey,242,FALSE,Normal,,540,255,10,10,75,135,55,2,FALSE,76,0.98%,23405,2.24%,12739,1.97%
Decidueye,724,FALSE,Grass,Ghost,530,78,107,75,100,100,70,7,FALSE,228,0.08%,15974,1.53%,10404,1.61%
Glaceon,471,FALSE,Ice,,525,65,60,110,130,95,65,4,FALSE,511,0.01%,3825,0.37%,2453,0.38%
Tyrogue,236,TRUE,Fighting,,210,35,35,35,35,35,35,2,FALSE,931,0.00%,65,0.01%,55,0.01%
Charizard,6,FALSE,Fire,Flying,534,78,84,78,109,85,100,1,FALSE,272,0.05%,9302,0.89%,6151,0.95%
Sylveon,700,FALSE,Fairy,,525,95,65,65,110,130,60,6,FALSE,65,1.24%,22659,2.17%,13521,2.09%
ArceusBug,493,FALSE,Bug,,720,120,120,120,120,120,120,4,TRUE,313,0.04%,991,0.10%,594,0.09%
Registeel,379,FALSE,Steel,,580,80,75,150,75,150,50,3,TRUE,353,0.03%,3024,0.29%,2051,0.32%
HoopaUnbound,720,FALSE,Psychic,Dark,680,80,160,60,170,130,80,6,TRUE,187,0.14%,10432,1.00%,6296,0.97%
ArceusIce,493,FALSE,Ice,,720,120,120,120,120,120,120,4,TRUE,147,0.24%,2848,0.27%,1784,0.28%
Cascoon,268,TRUE,Bug,,205,50,35,55,25,25,15,3,FALSE,923,0.00%,56,0.01%,38,0.01%
Walrein,365,FALSE,Ice,Water,530,110,80,90,95,90,65,3,FALSE,478,0.01%,3131,0.30%,1897,0.29%
Wingull,278,TRUE,Water,Flying,270,40,30,30,55,30,85,3,FALSE,811,0.00%,65,0.01%,41,0.01%
Magmar,126,TRUE,Fire,,495,65,95,57,100,85,93,1,FALSE,548,0.00%,777,0.07%,552,0.09%
DugtrioAlola,51,FALSE,Ground,Steel,425,35,100,60,50,70,110,7,FALSE,600,0.00%,1492,0.14%,1034,0.16%
Staraptor,398,FALSE,Normal,Flying,485,85,120,70,50,60,100,4,FALSE,156,0.21%,16443,1.57%,10559,1.63%
Solrock,338,FALSE,Rock,Psychic,440,70,95,85,55,65,70,3,FALSE,92,0.64%,1073,0.10%,738,0.11%
Dwebble,557,TRUE,Bug,Rock,325,50,65,85,35,35,55,5,FALSE,741,0.00%,170,0.02%,128,0.02%
Tirtouga,564,TRUE,Water,Rock,355,54,78,103,53,45,22,5,FALSE,937,0.00%,81,0.01%,54,0.01%
Zweilous,634,TRUE,Dark,Dragon,420,72,85,70,65,70,58,5,FALSE,858,0.00%,259,0.03%,160,0.03%
Escavalier,589,FALSE,Bug,Steel,495,70,135,105,60,105,20,5,FALSE,373,0.02%,3265,0.31%,2050,0.32%
Kyurem,646,FALSE,Dragon,Ice,660,125,130,90,130,90,95,5,TRUE,461,0.01%,2031,0.19%,1217,0.19%
Meowth,52,TRUE,Normal,,290,40,45,35,40,40,90,1,FALSE,592,0.00%,487,0.05%,312,0.05%
Sceptile,254,FALSE,Grass,,530,70,85,65,105,85,120,3,FALSE,208,0.11%,9609,0.92%,5762,0.89%
Cleffa,173,TRUE,Fairy,,218,50,25,28,45,55,15,2,FALSE,763,0.00%,205,0.02%,87,0.01%
Sewaddle,540,TRUE,Bug,Grass,310,45,53,70,40,60,42,5,FALSE,705,0.00%,156,0.02%,139,0.02%
Lairon,305,TRUE,Steel,Rock,430,60,90,140,50,50,40,3,FALSE,742,0.00%,292,0.03%,187,0.03%
Oranguru,765,FALSE,Normal,Psychic,490,90,60,80,90,110,60,7,FALSE,649,0.00%,1164,0.11%,786,0.12%
Klang,600,TRUE,Steel,,440,60,80,95,70,85,50,5,FALSE,739,0.00%,91,0.01%,62,0.01%
RattataAlola,19,TRUE,Dark,Normal,253,30,56,35,25,35,72,7,FALSE,435,0.01%,3112,0.30%,1234,0.19%
Palpitoad,536,TRUE,Water,Ground,384,75,65,55,65,55,69,5,FALSE,830,0.00%,162,0.02%,123,0.02%
Necrozma,800,FALSE,Psychic,,600,97,107,101,127,89,79,7,TRUE,335,0.03%,4689,0.45%,2681,0.41%
TornadusTherian,641,FALSE,Flying,,580,79,100,80,110,90,121,5,TRUE,357,0.03%,2601,0.25%,1619,0.25%
Elekid,239,TRUE,Electric,,360,45,63,37,65,55,95,2,FALSE,845,0.00%,84,0.01%,62,0.01%
Mudbray,749,TRUE,Ground,,385,70,100,70,45,55,45,7,FALSE,770,0.00%,110,0.01%,77,0.01%
SilvallyGrass,773,FALSE,Grass,,570,95,95,95,95,95,95,7,TRUE,740,0.00%,325,0.03%,193,0.03%
ManectricMega,310,FALSE,Electric,,575,70,75,80,135,80,135,3,FALSE,213,0.10%,9103,0.87%,5864,0.91%
Krokorok,552,TRUE,Ground,Dark,351,60,82,45,45,45,74,5,FALSE,828,0.00%,165,0.02%,103,0.02%
NecrozmaDuskMane,800,FALSE,Psychic,Steel,680,97,157,127,113,109,77,7,TRUE,3,35.36%,65214,6.23%,43465,6.72%
ArceusRock,493,FALSE,Rock,,720,120,120,120,120,120,120,4,TRUE,37,2.95%,2822,0.27%,2019,0.31%
Stantler,234,FALSE,Normal,,465,73,95,62,85,65,85,2,FALSE,460,0.01%,1025,0.10%,502,0.08%
Honchkrow,430,FALSE,Dark,Flying,505,100,125,52,105,52,71,4,FALSE,253,0.06%,6815,0.65%,4525,0.70%
Wailmer,320,TRUE,Water,,400,130,70,35,70,35,60,3,FALSE,773,0.00%,159,0.02%,93,0.01%
LatiasMega,380,FALSE,Dragon,Psychic,700,80,100,120,140,150,110,3,TRUE,302,0.04%,2685,0.26%,1603,0.25%
Victreebel,71,FALSE,Grass,Poison,490,80,105,65,100,70,70,1,FALSE,517,0.01%,2284,0.22%,1410,0.22%
Delibird,225,FALSE,Ice,Flying,330,45,55,45,65,45,75,2,FALSE,551,0.00%,1042,0.10%,511,0.08%
Espeon,196,FALSE,Psychic,,525,65,65,60,130,95,110,2,FALSE,28,4.08%,42372,4.05%,25351,3.92%
Torterra,389,FALSE,Grass,Ground,525,95,109,105,75,85,56,4,FALSE,368,0.02%,8644,0.83%,5649,0.87%
Medicham,308,FALSE,Fighting,Psychic,410,60,60,75,60,75,80,3,FALSE,310,0.04%,2251,0.22%,1383,0.21%
Archen,566,TRUE,Rock,Flying,401,55,112,45,74,45,70,5,FALSE,934,0.00%,121,0.01%,70,0.01%
Litten,725,TRUE,Fire,,320,45,65,40,60,40,70,7,FALSE,731,0.00%,276,0.03%,196,0.03%
WormadamSandy,413,FALSE,Bug,Ground,424,60,79,105,59,85,36,4,FALSE,565,0.00%,220,0.02%,152,0.02%
Pidgeot,18,FALSE,Normal,Flying,479,83,80,75,70,70,101,1,FALSE,398,0.02%,2032,0.19%,1432,0.22%
TornadusIncarnate,641,FALSE,Flying,,580,79,115,70,125,80,111,5,TRUE,277,0.05%,883,0.08%,590,0.09%
Bayleef,153,TRUE,Grass,,405,60,62,80,63,80,60,2,FALSE,699,0.00%,398,0.04%,252,0.04%
Taillow,276,TRUE,Normal,Flying,270,40,55,30,30,30,85,3,FALSE,201,0.12%,3227,0.31%,1259,0.20%
Espurr,677,TRUE,Psychic,,355,62,48,54,63,60,68,6,FALSE,912,0.00%,39,0.00%,24,0.00%
Haunter,93,TRUE,Ghost,Poison,405,45,50,45,115,55,95,1,FALSE,495,0.01%,1158,0.11%,821,0.13%
Omanyte,138,TRUE,Rock,Water,355,35,40,100,90,55,35,1,FALSE,577,0.00%,350,0.03%,252,0.04%
Amaura,698,TRUE,Rock,Ice,362,77,59,50,67,63,46,6,FALSE,920,0.00%,83,0.01%,69,0.01%
Ivysaur,2,TRUE,Grass,Poison,405,60,62,63,80,80,60,1,FALSE,777,0.00%,371,0.04%,240,0.04%
Dusclops,356,TRUE,Ghost,,455,40,70,130,60,130,25,3,FALSE,259,0.06%,4535,0.43%,2835,0.44%
Maractus,556,FALSE,Grass,,461,75,86,67,106,67,60,5,FALSE,656,0.00%,907,0.09%,586,0.09%
Gogoat,673,FALSE,Grass,,531,123,100,62,97,81,68,6,FALSE,522,0.01%,2217,0.21%,1400,0.22%
Snubbull,209,TRUE,Fairy,,300,60,80,50,40,40,30,2,FALSE,808,0.00%,80,0.01%,66,0.01%
BeedrillMega,15,FALSE,Bug,Poison,495,65,150,40,15,80,145,1,FALSE,144,0.26%,17815,1.70%,11335,1.75%
Victini,494,FALSE,Psychic,Fire,600,100,100,100,100,100,100,5,TRUE,152,0.22%,12455,1.19%,7012,1.08%
Psyduck,54,TRUE,Water,,320,50,52,48,65,50,55,1,FALSE,681,0.00%,418,0.04%,211,0.03%
Zygarde50%,718,FALSE,Dragon,Ground,600,108,100,121,81,95,95,6,TRUE,13,9.79%,43544,4.16%,27344,4.23%
Spinda,327,FALSE,Normal,,360,60,60,60,60,60,60,3,FALSE,416,0.02%,4004,0.38%,1768,0.27%
Musharna,518,FALSE,Psychic,,487,116,55,85,107,95,29,5,FALSE,470,0.01%,1741,0.17%,1098,0.17%
Hitmonlee,106,FALSE,Fighting,,455,50,120,53,35,110,87,1,FALSE,347,0.03%,6802,0.65%,4182,0.65%
Sableye,302,FALSE,Dark,Ghost,380,50,75,75,65,65,50,3,FALSE,169,0.17%,6053,0.58%,4242,0.66%
Galvantula,596,FALSE,Bug,Electric,472,70,77,60,97,60,108,5,FALSE,124,0.32%,17346,1.66%,14485,2.24%
Stufful,759,TRUE,Normal,Fighting,340,70,75,50,45,50,50,7,FALSE,574,0.00%,64,0.01%,49,0.01%
Zoroark,571,FALSE,Dark,,510,60,105,60,120,60,105,5,FALSE,101,0.52%,17807,1.70%,7589,1.17%
Misdreavus,200,TRUE,Ghost,,435,60,60,60,85,85,85,2,FALSE,714,0.00%,605,0.06%,356,0.06%
Luxray,405,FALSE,Electric,,523,80,120,79,95,79,70,4,FALSE,326,0.03%,8545,0.82%,5855,0.91%
Lunatone,337,FALSE,Rock,Psychic,440,70,55,65,95,85,70,3,FALSE,607,0.00%,821,0.08%,531,0.08%
Rayquaza,384,FALSE,Dragon,Flying,680,105,150,90,150,90,95,3,TRUE,57,1.40%,6383,0.61%,3965,0.61%
Snivy,495,TRUE,Grass,,308,45,45,55,45,55,63,5,FALSE,723,0.00%,231,0.02%,156,0.02%
Masquerain,284,FALSE,Bug,Flying,414,70,60,62,80,82,60,3,FALSE,290,0.05%,2280,0.22%,1784,0.28%
Yungoos,734,TRUE,Normal,,253,48,70,30,30,30,45,7,FALSE,807,0.00%,244,0.02%,97,0.02%
Zygarde10%,718,FALSE,Dragon,Ground,486,54,100,71,61,85,115,7,TRUE,288,0.05%,3112,0.30%,2061,0.32%
Hoppip,187,TRUE,Grass,Flying,250,35,35,40,35,55,50,2,FALSE,720,0.00%,170,0.02%,142,0.02%
Azelf,482,FALSE,Psychic,,580,75,125,70,125,70,115,4,TRUE,267,0.05%,3240,0.31%,2331,0.36%
Tympole,535,TRUE,Water,,294,50,50,40,50,40,64,5,FALSE,957,0.00%,17,0.00%,17,0.00%
Unown,201,FALSE,Psychic,,336,48,72,48,72,48,48,2,FALSE,527,0.01%,1093,0.10%,360,0.06%
WormadamTrash,413,FALSE,Bug,Steel,424,60,69,95,69,95,36,4,FALSE,622,0.00%,419,0.04%,286,0.04%
Slowpoke,79,TRUE,Water,Psychic,315,90,65,65,40,40,15,1,FALSE,780,0.00%,129,0.01%,79,0.01%
Nuzleaf,274,TRUE,Grass,Dark,340,70,70,40,60,40,60,3,FALSE,890,0.00%,77,0.01%,60,0.01%
Skorupi,451,TRUE,Poison,Bug,330,40,50,90,30,55,65,4,FALSE,803,0.00%,78,0.01%,44,0.01%
Type: Null,772,TRUE,Normal,,534,95,95,95,95,95,59,7,TRUE,280,0.05%,1554,0.15%,926,0.14%
Pichu,172,TRUE,Electric,,205,20,40,15,35,35,60,2,FALSE,648,0.00%,534,0.05%,358,0.06%
Aurorus,699,FALSE,Rock,Ice,521,123,77,72,99,92,58,6,FALSE,496,0.01%,3563,0.34%,2263,0.35%
SwampertMega,260,FALSE,Water,Ground,635,100,150,110,95,110,70,3,FALSE,127,0.30%,15140,1.45%,10100,1.56%
Sandslash,28,FALSE,Ground,,450,75,100,110,45,55,65,1,FALSE,528,0.01%,1252,0.12%,782,0.12%
Mismagius,429,FALSE,Ghost,,495,60,60,60,105,105,105,4,FALSE,305,0.04%,4698,0.45%,3005,0.47%
Clefairy,35,TRUE,Fairy,,323,70,45,48,60,65,35,1,FALSE,494,0.01%,1600,0.15%,997,0.15%
Palkia,484,FALSE,Water,Dragon,680,90,120,100,150,120,100,4,TRUE,125,0.31%,11686,1.12%,7266,1.12%
Vullaby,629,TRUE,Dark,Flying,370,70,55,75,45,65,60,5,FALSE,725,0.00%,125,0.01%,80,0.01%
Charjabug,737,TRUE,Bug,Electric,400,57,82,95,55,75,36,7,FALSE,665,0.00%,278,0.03%,186,0.03%
Tangela,114,TRUE,Grass,,435,65,55,115,100,40,60,1,FALSE,452,0.01%,682,0.07%,428,0.07%
Munna,517,TRUE,Psychic,,292,76,25,45,67,55,24,5,FALSE,878,0.00%,25,0.00%,17,0.00%
Charmeleon,5,TRUE,Fire,,405,58,64,58,80,65,80,1,FALSE,787,0.00%,333,0.03%,229,0.04%
Gardevoir,282,FALSE,Psychic,Fairy,518,68,65,65,125,115,80,3,FALSE,179,0.16%,14309,1.37%,8772,1.36%
Gastrodon,423,FALSE,Water,Ground,475,111,83,68,92,82,39,4,FALSE,197,0.12%,6862,0.66%,4367,0.68%
Scolipede,545,FALSE,Bug,Poison,485,60,100,89,55,69,112,5,FALSE,26,4.22%,39303,3.76%,29812,4.61%
Klefki,707,FALSE,Steel,Fairy,470,57,80,91,80,87,75,6,FALSE,68,1.17%,10817,1.03%,6817,1.05%
Deino,633,TRUE,Dark,Dragon,300,52,65,50,45,50,38,5,FALSE,800,0.00%,48,0.01%,27,0.00%
Dedenne,702,FALSE,Electric,Fairy,431,67,58,57,81,67,101,6,FALSE,507,0.01%,3074,0.29%,1853,0.29%
Bellossom,182,FALSE,Grass,,490,75,80,95,90,100,50,2,FALSE,553,0.00%,1272,0.12%,746,0.12%
Scraggy,559,TRUE,Dark,Fighting,348,50,75,70,35,70,48,5,FALSE,797,0.00%,140,0.01%,98,0.02%
Salamence,373,FALSE,Dragon,Flying,600,95,135,80,110,80,100,3,FALSE,191,0.13%,13840,1.32%,8547,1.32%
SilvallyWater,773,FALSE,Water,,570,95,95,95,95,95,95,7,TRUE,513,0.01%,545,0.05%,335,0.05%
Steelix,208,FALSE,Steel,Ground,510,75,85,200,55,65,30,2,FALSE,372,0.02%,5140,0.49%,3762,0.58%
SceptileMega,254,FALSE,Grass,Dragon,630,70,110,75,145,85,145,3,FALSE,151,0.22%,17145,1.64%,10818,1.67%
Arbok,24,FALSE,Poison,,438,60,85,69,65,79,80,1,FALSE,526,0.01%,2248,0.22%,1450,0.22%
Numel,322,TRUE,Fire,Ground,305,60,60,40,65,45,35,3,FALSE,722,0.00%,338,0.03%,186,0.03%
Claydol,344,FALSE,Ground,Psychic,500,60,70,105,70,120,75,3,FALSE,420,0.01%,2351,0.23%,1751,0.27%
Trapinch,328,TRUE,Ground,,290,45,100,45,45,45,10,3,FALSE,700,0.00%,269,0.03%,129,0.02%
Absol,359,FALSE,Dark,,465,65,130,60,75,60,75,3,FALSE,385,0.02%,3998,0.38%,2506,0.39%
Nidorino,33,TRUE,Poison,,365,61,72,57,55,55,65,1,FALSE,695,0.00%,124,0.01%,92,0.01%
Beldum,374,TRUE,Steel,Psychic,300,40,55,80,35,60,30,3,FALSE,860,0.00%,80,0.01%,52,0.01%
Chingling,433,TRUE,Psychic,,285,45,30,50,65,50,45,4,FALSE,847,0.00%,106,0.01%,56,0.01%
Gothitelle,576,FALSE,Psychic,,490,70,55,95,95,110,65,5,FALSE,55,1.45%,4349,0.42%,2551,0.39%
Archeops,567,FALSE,Rock,Flying,567,75,140,65,112,65,110,5,FALSE,359,0.03%,4501,0.43%,3052,0.47%
Hariyama,297,FALSE,Fighting,,474,144,120,60,40,60,50,3,FALSE,425,0.01%,2511,0.24%,1705,0.26%
Octillery,224,FALSE,Water,,480,75,105,75,105,75,45,2,FALSE,332,0.03%,2020,0.19%,1227,0.19%
Fraxure,611,TRUE,Dragon,,410,66,117,70,40,50,67,5,FALSE,729,0.00%,232,0.02%,157,0.02%
Chespin,650,TRUE,Grass,,313,56,61,65,48,45,38,6,FALSE,809,0.00%,105,0.01%,73,0.01%
Electabuzz,125,TRUE,Electric,,490,65,83,57,95,85,105,1,FALSE,635,0.00%,565,0.05%,401,0.06%
Jolteon,135,FALSE,Electric,,525,65,65,60,110,95,130,1,FALSE,181,0.15%,20332,1.94%,13671,2.11%
Ducklett,580,TRUE,Water,Flying,305,62,44,50,44,50,55,5,FALSE,596,0.00%,726,0.07%,252,0.04%
Hitmontop,237,FALSE,Fighting,,455,50,95,95,35,110,70,2,FALSE,411,0.02%,2250,0.22%,1484,0.23%
Oddish,43,TRUE,Grass,Poison,320,45,50,55,75,65,30,1,FALSE,879,0.00%,142,0.01%,95,0.02%
Xatu,178,FALSE,Psychic,Flying,470,65,75,70,95,70,95,2,FALSE,311,0.04%,3179,0.30%,2149,0.33%
Furret,162,FALSE,Normal,,415,85,76,64,45,55,90,2,FALSE,599,0.00%,2408,0.23%,1112,0.17%
Wobbuffet,202,FALSE,Psychic,,405,190,33,58,33,58,33,2,FALSE,117,0.36%,13160,1.26%,6701,1.04%
Accelgor,617,FALSE,Bug,,495,80,70,40,100,60,145,5,FALSE,324,0.03%,4492,0.43%,2954,0.46%
Jumpluff,189,FALSE,Grass,Flying,460,75,55,70,55,95,110,2,FALSE,456,0.01%,1788,0.17%,1166,0.18%
Turtonator,776,FALSE,Fire,Dragon,485,60,78,135,91,85,36,7,FALSE,472,0.01%,3276,0.31%,2104,0.33%
Seismitoad,537,FALSE,Water,Ground,509,105,95,75,85,75,74,5,FALSE,323,0.03%,4105,0.39%,2776,0.43%
Stoutland,508,FALSE,Normal,,500,85,110,90,45,90,80,5,FALSE,503,0.01%,2322,0.22%,1609,0.25%
Genesect,649,FALSE,Bug,Steel,600,71,120,95,120,95,99,5,FALSE,51,1.54%,17103,1.63%,10373,1.60%
Aromatisse,683,FALSE,Fairy,,462,101,72,72,99,89,29,6,FALSE,497,0.01%,838,0.08%,526,0.08%
ArceusDragon,493,FALSE,Dragon,,720,120,120,120,120,120,120,4,TRUE,89,0.68%,5921,0.57%,3536,0.55%
OricorioSensu,741,FALSE,Ghost,Flying,476,75,70,70,98,70,93,7,FALSE,467,0.01%,769,0.07%,534,0.08%
RaichuAlola,26,FALSE,Electric,Psychic,485,60,85,50,95,85,110,7,FALSE,292,0.05%,10520,1.01%,6889,1.07%
Swinub,220,TRUE,Ice,Ground,250,50,50,40,30,30,50,2,FALSE,760,0.00%,193,0.02%,132,0.02%
RotomHeat,479,FALSE,Electric,Fire,520,50,65,107,105,107,86,4,FALSE,216,0.09%,4599,0.44%,3151,0.49%
Paras,46,TRUE,Bug,Grass,285,35,70,55,45,55,25,1,FALSE,628,0.00%,410,0.04%,220,0.03%
Vespiquen,416,FALSE,Bug,Flying,474,70,80,102,80,102,40,4,FALSE,486,0.01%,2539,0.24%,1398,0.22%
Ponyta,77,TRUE,Fire,,410,50,85,55,65,65,90,1,FALSE,492,0.01%,249,0.02%,165,0.03%
Magby,240,TRUE,Fire,,365,45,75,37,70,55,83,2,FALSE,876,0.00%,90,0.01%,60,0.01%
PersianAlola,53,FALSE,Dark,,440,65,60,60,75,65,115,7,FALSE,450,0.01%,2931,0.28%,2158,0.33%
Diggersby,660,FALSE,Normal,Ground,423,85,56,77,50,77,78,6,FALSE,194,0.12%,3871,0.37%,2376,0.37%
Gallade,475,FALSE,Psychic,Fighting,518,68,125,65,65,115,80,4,FALSE,352,0.03%,5550,0.53%,3455,0.53%
Hitmonchan,107,FALSE,Fighting,,455,50,105,79,35,110,76,1,FALSE,431,0.01%,3863,0.37%,2587,0.40%
Machamp,68,FALSE,Fighting,,505,90,130,80,65,85,55,1,FALSE,281,0.05%,11912,1.14%,7639,1.18%
Exeggutor,103,FALSE,Grass,Psychic,530,95,95,85,125,75,55,1,FALSE,350,0.03%,3322,0.32%,2100,0.33%
Porygon2,233,TRUE,Normal,,515,85,80,90,105,95,60,2,FALSE,163,0.19%,10710,1.02%,6561,1.01%
Dratini,147,TRUE,Dragon,,300,41,64,45,50,50,50,1,FALSE,627,0.00%,123,0.01%,102,0.02%
Pachirisu,417,FALSE,Electric,,405,60,45,70,45,90,95,4,FALSE,477,0.01%,1420,0.14%,982,0.15%
Ekans,23,TRUE,Poison,,288,35,60,44,40,54,55,1,FALSE,942,0.00%,83,0.01%,68,0.01%
Pawniard,624,TRUE,Dark,Steel,340,45,85,70,40,40,60,5,FALSE,667,0.00%,181,0.02%,133,0.02%
Electrike,309,TRUE,Electric,,295,40,45,40,65,40,65,3,FALSE,907,0.00%,45,0.00%,30,0.01%
Skarmory,227,FALSE,Steel,Flying,465,65,80,140,40,70,70,2,FALSE,34,3.36%,27221,2.60%,21637,3.35%
Abomasnow,460,FALSE,Grass,Ice,494,90,92,75,92,85,60,4,FALSE,493,0.01%,2074,0.20%,1391,0.22%
Rhyhorn,111,TRUE,Ground,Rock,345,80,85,95,30,30,25,1,FALSE,771,0.00%,116,0.01%,79,0.01%
Passimian,766,FALSE,Fighting,,490,100,120,90,40,60,80,7,FALSE,581,0.00%,1080,0.10%,725,0.11%
Diglett,50,TRUE,Ground,,265,10,55,25,35,45,95,1,FALSE,473,0.01%,974,0.09%,630,0.10%
Pidove,519,TRUE,Normal,Flying,264,50,55,50,36,30,43,5,FALSE,418,0.02%,138,0.01%,84,0.01%
Buizel,418,TRUE,Water,,330,55,65,35,60,30,85,4,FALSE,708,0.00%,568,0.05%,432,0.07%
VulpixAlola,37,TRUE,Ice,,299,38,41,40,50,65,65,7,FALSE,761,0.00%,258,0.03%,159,0.03%
AlakazamMega,65,FALSE,Psychic,,590,55,50,65,175,95,150,1,FALSE,198,0.12%,17189,1.64%,10290,1.59%
Bounsweet,761,TRUE,Grass,,210,42,30,38,30,38,32,7,FALSE,929,0.00%,94,0.01%,39,0.01%
Cloyster,91,FALSE,Water,Ice,525,50,95,180,85,45,70,1,FALSE,91,0.66%,37327,3.57%,22532,3.48%
Dragonair,148,TRUE,Dragon,,420,61,84,65,70,70,70,1,FALSE,539,0.00%,1347,0.13%,928,0.14%
Reshiram,643,FALSE,Dragon,Fire,680,100,120,100,150,120,90,5,TRUE,123,0.32%,8960,0.86%,5690,0.88%
Cacnea,331,TRUE,Grass,,335,50,85,40,85,40,35,3,FALSE,666,0.00%,97,0.01%,50,0.01%
Pupitar,247,TRUE,Rock,Ground,410,70,84,70,65,70,51,2,FALSE,735,0.00%,114,0.01%,80,0.01%
Conkeldurr,534,FALSE,Fighting,,505,105,140,95,55,65,45,5,FALSE,231,0.07%,8442,0.81%,5536,0.86%
Tapu Lele,786,FALSE,Psychic,Fairy,570,70,85,75,130,115,95,7,TRUE,35,3.30%,12115,1.16%,7627,1.18%
NidoranF,29,TRUE,Poison,,275,55,47,52,40,40,41,1,FALSE,943,0.00%,29,0.00%,24,0.00%
Litleo,667,TRUE,Fire,Normal,369,62,50,58,73,54,72,6,FALSE,767,0.00%,58,0.01%,46,0.01%
Heliolisk,695,FALSE,Electric,Normal,481,62,55,52,109,94,109,6,FALSE,346,0.03%,5839,0.56%,3734,0.58%
Reuniclus,579,FALSE,Psychic,,490,110,65,75,125,85,30,5,FALSE,300,0.04%,4776,0.46%,2907,0.45%
Scizor,212,FALSE,Bug,Steel,500,70,130,100,55,80,65,2,FALSE,143,0.26%,16290,1.56%,10560,1.63%
Turtwig,387,TRUE,Grass,,318,55,68,64,45,55,31,4,FALSE,682,0.00%,155,0.02%,110,0.02%
Delphox,655,FALSE,Fire,Psychic,534,75,69,72,114,100,104,6,FALSE,320,0.04%,7172,0.69%,4612,0.71%
Metang,375,TRUE,Steel,Psychic,420,60,75,100,55,80,50,3,FALSE,791,0.00%,263,0.03%,194,0.03%
Happiny,440,TRUE,Normal,,220,100,5,5,15,65,30,4,FALSE,744,0.00%,234,0.02%,97,0.02%
Dunsparce,206,FALSE,Normal,,415,100,70,70,65,65,45,2,FALSE,365,0.02%,2299,0.22%,1192,0.18%
Keldeo,647,FALSE,Water,Fighting,580,91,72,90,129,90,108,5,FALSE,212,0.10%,6821,0.65%,4323,0.67%
Onix,95,TRUE,Rock,Ground,385,35,45,160,30,45,70,1,FALSE,523,0.01%,1042,0.10%,847,0.13%
Minun,312,FALSE,Electric,,405,60,40,50,75,85,95,3,FALSE,692,0.00%,669,0.06%,464,0.07%
SilvallyGhost,773,FALSE,Ghost,,570,95,95,95,95,95,95,7,TRUE,589,0.00%,528,0.05%,338,0.05%
Carbink,703,FALSE,Rock,Fairy,500,50,50,150,50,150,50,6,FALSE,172,0.17%,2191,0.21%,1493,0.23%
Zapdos,145,FALSE,Electric,Flying,580,90,90,85,125,90,100,1,TRUE,135,0.28%,13112,1.25%,8138,1.26%
Guzzlord,799,FALSE,Dark,Dragon,570,223,101,53,97,53,43,7,TRUE,402,0.02%,4041,0.39%,2479,0.38%
Sandshrew,27,TRUE,Ground,,300,50,75,85,20,30,40,1,FALSE,595,0.00%,91,0.01%,65,0.01%
ArceusDark,493,FALSE,Dark,,720,120,120,120,120,120,120,4,TRUE,15,9.51%,9922,0.95%,6746,1.04%
Goldeen,118,TRUE,Water,,320,45,67,60,35,50,63,1,FALSE,910,0.00%,72,0.01%,42,0.01%
SlowbroMega,80,FALSE,Water,Psychic,590,95,75,180,130,80,30,1,FALSE,199,0.12%,4075,0.39%,2522,0.39%
Excadrill,530,FALSE,Ground,Steel,508,110,135,60,50,65,88,5,FALSE,69,1.15%,19092,1.82%,12673,1.96%
Carracosta,565,FALSE,Water,Rock,495,74,108,133,83,65,32,5,FALSE,454,0.01%,2816,0.27%,1837,0.28%
Tentacool,72,TRUE,Water,Poison,335,40,40,35,50,100,70,1,FALSE,580,0.00%,197,0.02%,144,0.02%
Combee,415,TRUE,Bug,Flying,244,30,30,42,30,42,70,4,FALSE,639,0.00%,406,0.04%,249,0.04%
Raticate,20,FALSE,Normal,,413,55,81,60,50,70,97,1,FALSE,451,0.01%,2985,0.29%,1332,0.21%
Politoed,186,FALSE,Water,,500,90,75,75,90,100,70,2,FALSE,295,0.04%,5109,0.49%,3780,0.58%
SilvallySteel,773,FALSE,Steel,,570,95,95,95,95,95,95,7,TRUE,618,0.00%,625,0.06%,437,0.07%
Dusknoir,477,FALSE,Ghost,,525,45,100,135,65,135,45,4,FALSE,354,0.03%,4910,0.47%,3317,0.51%
PumpkabooSuper,710,TRUE,Ghost,Grass,335,59,66,70,44,55,41,6,FALSE,924,0.00%,76,0.01%,48,0.01%
Aipom,190,TRUE,Normal,,360,55,70,55,40,55,85,2,FALSE,713,0.00%,526,0.05%,388,0.06%
Gloom,44,TRUE,Grass,Poison,395,60,65,70,85,75,40,1,FALSE,841,0.00%,106,0.01%,78,0.01%
Malamar,687,FALSE,Dark,Psychic,482,86,92,88,68,75,73,6,FALSE,230,0.08%,10894,1.04%,6711,1.04%
Dialga,483,FALSE,Steel,Dragon,680,100,120,120,150,100,90,4,TRUE,62,1.27%,19560,1.87%,12455,1.93%
RotomFan,479,FALSE,Electric,Flying,520,50,65,107,105,107,86,4,FALSE,446,0.01%,1618,0.16%,1123,0.17%
Swadloon,541,TRUE,Bug,Grass,380,55,63,90,50,80,42,5,FALSE,706,0.00%,316,0.03%,229,0.04%
Shuckle,213,FALSE,Bug,Rock,505,20,10,230,10,230,5,2,FALSE,29,4.00%,42077,4.02%,26701,4.13%
Comfey,764,FALSE,Fairy,,485,51,52,90,82,110,100,7,FALSE,381,0.02%,3133,0.30%,1742,0.27%
Gigalith,526,FALSE,Rock,,515,85,135,130,60,80,25,5,FALSE,388,0.02%,4352,0.42%,3057,0.47%
Poipole,803,TRUE,Poison,,420,67,73,67,73,67,73,7,TRUE,698,0.00%,835,0.08%,491,0.08%
Golem,76,FALSE,Rock,Ground,495,80,120,130,55,65,45,1,FALSE,363,0.02%,3899,0.37%,2411,0.37%
Charmander,4,TRUE,Fire,,309,39,52,43,60,50,65,1,FALSE,738,0.00%,449,0.04%,299,0.05%
GourgeistLarge,711,FALSE,Ghost,Grass,494,75,95,122,58,75,69,6,FALSE,752,0.00%,81,0.01%,55,0.01%
GourgeistSmall,711,FALSE,Ghost,Grass,494,55,85,122,58,75,99,6,FALSE,822,0.00%,226,0.02%,146,0.02%
Rhyperior,464,FALSE,Ground,Rock,535,115,140,130,55,55,40,4,FALSE,325,0.03%,7147,0.68%,4810,0.74%
GiratinaOrigin,487,FALSE,Ghost,Dragon,680,150,120,100,120,100,90,4,TRUE,48,1.82%,21776,2.08%,13531,2.09%
Watchog,505,FALSE,Normal,,420,60,85,69,60,69,77,5,FALSE,701,0.00%,500,0.05%,327,0.05%
Cherrim,421,FALSE,Grass,,450,70,60,70,87,78,85,4,FALSE,585,0.00%,500,0.05%,293,0.05%
Exploud,295,FALSE,Normal,,490,104,91,63,91,73,68,3,FALSE,297,0.04%,5003,0.48%,3239,0.50%
Mudkip,258,TRUE,Water,,310,50,70,50,50,50,40,3,FALSE,727,0.00%,513,0.05%,288,0.05%
Pansear,513,TRUE,Fire,,316,50,53,48,53,48,64,5,FALSE,824,0.00%,56,0.01%,41,0.01%
Panpour,515,TRUE,Water,,316,50,53,48,53,48,64,5,FALSE,947,0.00%,59,0.01%,44,0.01%
Aerodactyl,142,FALSE,Rock,Flying,515,80,105,65,60,75,130,1,FALSE,293,0.05%,4592,0.44%,3386,0.52%
Piplup,393,TRUE,Water,,314,53,51,53,61,56,40,4,FALSE,821,0.00%,304,0.03%,185,0.03%
Lopunny,428,FALSE,Normal,,480,65,76,84,54,96,105,4,FALSE,407,0.02%,2597,0.25%,1716,0.27%
Solosis,577,TRUE,Psychic,,290,45,30,40,105,50,20,5,FALSE,608,0.00%,466,0.05%,210,0.03%
AbomasnowMega,460,FALSE,Grass,Ice,594,90,132,105,132,105,30,4,FALSE,387,0.02%,3813,0.36%,2436,0.38%
ArceusGhost,493,FALSE,Ghost,,720,120,120,120,120,120,120,4,TRUE,19,6.96%,13281,1.27%,8495,1.31%
Phione,489,FALSE,Water,,480,80,80,80,80,80,80,4,FALSE,788,0.00%,263,0.03%,140,0.02%
Poochyena,261,TRUE,Dark,,220,35,55,35,30,30,35,3,FALSE,922,0.00%,77,0.01%,52,0.01%
Phanpy,231,TRUE,Ground,,330,90,60,60,40,40,40,2,FALSE,538,0.00%,153,0.02%,127,0.02%
Garbodor,569,FALSE,Poison,,474,80,95,82,60,82,75,5,FALSE,512,0.01%,1652,0.16%,1147,0.18%
HeracrossMega,214,FALSE,Bug,Fighting,600,80,185,115,40,105,75,2,FALSE,203,0.11%,12010,1.15%,7634,1.18%
Vileplume,45,FALSE,Grass,Poison,490,75,80,85,110,90,50,1,FALSE,196,0.12%,2562,0.25%,1701,0.26%
Sealeo,364,TRUE,Ice,Water,410,90,60,70,75,70,45,3,FALSE,747,0.00%,334,0.03%,173,0.03%
Volbeat,313,FALSE,Bug,,400,65,73,55,47,75,85,3,FALSE,159,0.20%,2669,0.26%,1845,0.29%
Venusaur,3,FALSE,Grass,Poison,525,80,82,83,100,100,80,1,FALSE,248,0.06%,10632,1.02%,6534,1.01%
Skiploom,188,TRUE,Grass,Flying,340,55,45,50,45,65,80,2,FALSE,871,0.00%,82,0.01%,50,0.01%
GourgeistSuper,711,FALSE,Ghost,Grass,494,85,100,122,58,75,54,6,FALSE,537,0.00%,1454,0.14%,938,0.15%
Darumaka,554,TRUE,Fire,,315,70,90,45,15,45,50,5,FALSE,684,0.00%,226,0.02%,126,0.02%
Rattata,19,TRUE,Normal,,253,30,56,35,25,35,72,1,FALSE,232,0.07%,25449,2.43%,8124,1.26%
Sawsbuck,586,FALSE,Normal,Grass,475,80,100,70,60,70,95,5,FALSE,428,0.01%,2297,0.22%,1464,0.23%
Blitzle,522,TRUE,Electric,,295,45,60,32,50,32,76,5,FALSE,756,0.00%,45,0.00%,34,0.01%
Shieldon,410,TRUE,Rock,Steel,350,30,42,118,42,88,30,4,FALSE,778,0.00%,58,0.01%,43,0.01%
Vaporeon,134,FALSE,Water,,525,130,65,60,110,95,65,1,FALSE,61,1.28%,17358,1.66%,10358,1.60%
Murkrow,198,TRUE,Dark,Flying,405,60,85,42,85,42,91,2,FALSE,102,0.52%,3353,0.32%,2211,0.34%
Huntail,367,FALSE,Water,,485,55,104,105,94,75,52,3,FALSE,366,0.02%,1977,0.19%,1286,0.20%
Ralts,280,TRUE,Psychic,Fairy,198,28,25,25,45,35,40,3,FALSE,663,0.00%,384,0.04%,240,0.04%
MewtwoMegaX,150,FALSE,Psychic,Fighting,780,106,190,100,154,100,130,1,TRUE,41,2.33%,23971,2.29%,14918,2.31%
Haxorus,612,FALSE,Dragon,,540,76,147,90,60,70,97,5,FALSE,221,0.09%,13024,1.24%,7907,1.22%
Gumshoos,735,FALSE,Normal,,418,88,110,60,55,60,45,7,FALSE,530,0.00%,1044,0.10%,504,0.08%
Kakuna,14,TRUE,Bug,Poison,205,45,25,50,25,25,35,1,FALSE,674,0.00%,251,0.02%,132,0.02%
Shellder,90,TRUE,Water,,305,30,65,100,45,25,40,1,FALSE,790,0.00%,76,0.01%,55,0.01%
Seviper,336,FALSE,Poison,,458,73,100,60,100,60,65,3,FALSE,569,0.00%,1168,0.11%,731,0.11%
MukAlola,89,FALSE,Poison,Dark,500,105,105,75,65,100,50,7,FALSE,140,0.26%,13977,1.34%,9265,1.43%
Brionne,729,TRUE,Water,,420,60,69,69,91,81,50,7,FALSE,813,0.00%,114,0.01%,72,0.01%
Gligar,207,TRUE,Ground,Flying,430,65,75,105,35,65,85,2,FALSE,422,0.01%,1129,0.11%,828,0.13%
Heatran,485,FALSE,Fire,Steel,600,91,90,106,130,106,77,4,TRUE,112,0.39%,14011,1.34%,9408,1.45%
Finneon,456,TRUE,Water,,330,49,49,56,49,61,66,4,FALSE,880,0.00%,45,0.00%,30,0.01%
PumpkabooAverage,710,TRUE,Ghost,Grass,335,49,66,70,44,55,51,6,FALSE,954,0.00%,61,0.01%,33,0.01%
LycanrocDusk,745,FALSE,Rock,,487,75,117,65,55,65,110,7,FALSE,209,0.11%,16721,1.60%,11506,1.78%
Ledian,166,FALSE,Bug,Flying,390,55,35,50,55,110,85,2,FALSE,483,0.01%,592,0.06%,359,0.06%
SilvallyDark,773,FALSE,Dark,,570,95,95,95,95,95,95,7,TRUE,641,0.00%,348,0.03%,217,0.03%
Ursaring,217,FALSE,Normal,,500,90,130,75,75,75,55,2,FALSE,481,0.01%,3790,0.36%,2353,0.36%
Flareon,136,FALSE,Fire,,525,65,130,60,95,110,65,1,FALSE,427,0.01%,4844,0.46%,3176,0.49%
Remoraid,223,TRUE,Water,,300,35,65,35,65,35,65,2,FALSE,939,0.00%,50,0.01%,37,0.01%
Doduo,84,TRUE,Normal,Flying,310,35,85,45,35,35,75,1,FALSE,624,0.00%,310,0.03%,115,0.02%
Spewpa,665,TRUE,Bug,,213,45,22,60,27,30,29,6,FALSE,901,0.00%,226,0.02%,100,0.02%
Lombre,271,TRUE,Water,Grass,340,60,50,50,60,70,50,3,FALSE,776,0.00%,136,0.01%,93,0.01%
Mewtwo,150,FALSE,Psychic,,680,106,110,90,154,90,130,1,TRUE,32,3.42%,17693,1.69%,10515,1.63%
Wurmple,265,TRUE,Bug,,195,45,45,35,20,30,20,3,FALSE,784,0.00%,114,0.01%,51,0.01%
Flygon,330,FALSE,Ground,Dragon,520,80,100,80,80,80,100,3,FALSE,308,0.04%,9117,0.87%,5958,0.92%
Chansey,113,TRUE,Normal,,450,250,5,5,35,105,50,1,FALSE,31,3.73%,34763,3.32%,19648,3.04%
Breloom,286,FALSE,Grass,Fighting,460,60,130,80,60,60,70,3,FALSE,100,0.53%,28858,2.76%,18033,2.79%
Torracat,726,TRUE,Fire,,420,65,85,50,80,50,90,7,FALSE,743,0.00%,439,0.04%,279,0.04%
SharpedoMega,319,FALSE,Water,Dark,560,70,140,70,110,65,105,3,FALSE,312,0.04%,5231,0.50%,3314,0.51%
SilvallyFairy,773,FALSE,Fairy,,570,95,95,95,95,95,95,7,TRUE,378,0.02%,821,0.08%,519,0.08%
Zorua,570,TRUE,Dark,,330,40,65,40,80,40,65,5,FALSE,583,0.00%,314,0.03%,122,0.02%
SableyeMega,302,FALSE,Dark,Ghost,480,50,85,125,85,115,20,3,FALSE,64,1.25%,17761,1.70%,12889,1.99%
Shiftry,275,FALSE,Grass,Dark,480,90,100,60,90,60,80,3,FALSE,516,0.01%,2342,0.22%,1573,0.24%
Bronzor,436,TRUE,Steel,Psychic,300,57,24,86,24,86,23,4,FALSE,693,0.00%,169,0.02%,133,0.02%
Weavile,461,FALSE,Dark,Ice,510,70,120,65,45,85,125,4,FALSE,116,0.37%,26190,2.50%,18655,2.88%
SilvallyNormal,773,FALSE,Normal,,570,95,95,95,95,95,95,7,TRUE,474,0.01%,2116,0.20%,1424,0.22%
SilvallyElectric,773,FALSE,Electric,,570,95,95,95,95,95,95,7,TRUE,552,0.00%,602,0.06%,370,0.06%
Ho-oh,250,FALSE,Fire,Flying,680,106,130,90,110,154,90,2,TRUE,16,8.88%,21682,2.07%,14447,2.23%
Serperior,497,FALSE,Grass,,528,75,75,95,75,95,113,5,FALSE,121,0.32%,28066,2.68%,17155,2.65%
GarchompMega,445,FALSE,Dragon,Ground,700,108,170,115,120,95,92,4,FALSE,175,0.16%,15575,1.49%,9931,1.54%
Drilbur,529,TRUE,Ground,,328,60,85,40,30,45,68,5,FALSE,872,0.00%,93,0.01%,55,0.01%
Ferrothorn,598,FALSE,Grass,Steel,489,74,94,131,54,116,20,5,FALSE,18,7.78%,45897,4.39%,34423,5.32%
Wimpod,767,TRUE,Bug,Water,230,25,35,40,20,30,80,7,FALSE,865,0.00%,101,0.01%,40,0.01%
Persian,53,FALSE,Normal,,440,65,70,60,65,65,115,1,FALSE,466,0.01%,2451,0.23%,1831,0.28%
Porygon-Z,474,FALSE,Normal,,535,85,80,70,135,75,90,4,FALSE,130,0.29%,18226,1.74%,10756,1.66%
Voltorb,100,TRUE,Electric,,330,40,30,50,55,55,100,1,FALSE,844,0.00%,296,0.03%,114,0.02%
Phantump,708,TRUE,Ghost,Grass,309,43,70,48,50,60,38,6,FALSE,846,0.00%,81,0.01%,53,0.01%
Clefable,36,FALSE,Fairy,,483,95,70,73,95,90,60,1,FALSE,71,1.13%,37105,3.55%,21360,3.30%
Marshadow,802,FALSE,Fighting,Ghost,600,90,125,80,90,90,125,7,TRUE,6,31.69%,113831,10.88%,72955,11.28%
Pheromosa,795,FALSE,Bug,Fighting,570,71,137,37,137,37,151,7,TRUE,85,0.78%,15762,1.51%,9669,1.50%
Marshtomp,259,TRUE,Water,Ground,405,70,85,70,60,70,50,3,FALSE,658,0.00%,174,0.02%,112,0.02%
Whiscash,340,FALSE,Water,Ground,468,110,78,73,76,71,60,3,FALSE,519,0.01%,1041,0.10%,659,0.10%
Illumise,314,FALSE,Bug,,400,65,47,55,73,75,85,3,FALSE,531,0.00%,430,0.04%,254,0.04%
Bulbasaur,1,TRUE,Grass,Poison,318,45,49,49,65,65,45,1,FALSE,609,0.00%,1039,0.10%,663,0.10%
Golett,622,TRUE,Ground,Ghost,303,59,74,50,35,50,35,5,FALSE,932,0.00%,74,0.01%,28,0.00%
Joltik,595,TRUE,Bug,Electric,319,50,47,50,57,50,65,5,FALSE,906,0.00%,81,0.01%,57,0.01%
Glalie,362,FALSE,Ice,,480,80,80,80,80,80,80,3,FALSE,154,0.21%,3350,0.32%,1632,0.25%
Slaking,289,FALSE,Normal,,670,150,160,100,95,65,100,3,FALSE,266,0.06%,5081,0.49%,3057,0.47%
Starmie,121,FALSE,Water,Psychic,520,60,75,85,100,85,115,1,FALSE,215,0.09%,10686,1.02%,6662,1.03%
Poliwag,60,TRUE,Water,,300,40,50,40,40,40,90,1,FALSE,750,0.00%,107,0.01%,67,0.01%
Kommo-o,784,FALSE,Dragon,Fighting,600,75,110,125,100,105,85,7,FALSE,184,0.14%,13857,1.32%,8800,1.36%
Wooper,194,TRUE,Water,Ground,210,55,45,45,25,25,15,2,FALSE,734,0.00%,297,0.03%,139,0.02%
Stunky,434,TRUE,Poison,Dark,329,63,63,47,41,41,74,4,FALSE,959,0.00%,26,0.00%,23,0.00%
Spiritomb,442,FALSE,Ghost,Dark,485,50,92,108,92,108,35,4,FALSE,339,0.03%,4901,0.47%,3255,0.50%
Growlithe,58,TRUE,Fire,,350,55,70,45,70,50,60,1,FALSE,832,0.00%,141,0.01%,94,0.02%
LucarioMega,448,FALSE,Fighting,Steel,625,70,145,88,140,70,112,4,FALSE,94,0.61%,34192,3.27%,22052,3.41%
Solgaleo,791,FALSE,Psychic,Steel,680,137,137,107,113,89,97,7,TRUE,128,0.30%,11396,1.09%,7093,1.10%
Deerling,585,TRUE,Normal,Grass,335,60,60,50,40,50,75,5,FALSE,825,0.00%,177,0.02%,86,0.01%
Rampardos,409,FALSE,Rock,,495,97,165,60,65,50,58,4,FALSE,371,0.02%,3759,0.36%,2107,0.33%
Mesprit,481,FALSE,Psychic,,580,80,105,105,105,105,80,4,TRUE,545,0.00%,599,0.06%,422,0.07%
Nidoking,34,FALSE,Poison,Ground,505,81,102,77,85,75,85,1,FALSE,195,0.12%,12024,1.15%,7835,1.21%
Pineco,204,TRUE,Bug,,290,50,65,90,35,35,15,2,FALSE,285,0.05%,2831,0.27%,1962,0.30%
AltariaMega,334,FALSE,Dragon,Fairy,590,75,110,110,110,105,80,3,FALSE,224,0.08%,9121,0.87%,5685,0.88%
Farfetch'd,83,FALSE,Normal,Flying,352,52,65,55,58,62,60,1,FALSE,410,0.02%,1358,0.13%,691,0.11%
RaticateAlola,20,FALSE,Dark,Normal,413,75,71,70,40,80,77,7,FALSE,573,0.00%,1006,0.10%,544,0.08%
Pignite,499,TRUE,Fire,Fighting,418,90,93,55,70,55,55,5,FALSE,759,0.00%,224,0.02%,125,0.02%
Drifloon,425,TRUE,Ghost,Flying,348,90,50,34,60,44,70,4,FALSE,859,0.00%,147,0.01%,114,0.02%
Togedemaru,777,FALSE,Electric,Steel,435,65,98,63,40,73,96,7,FALSE,330,0.03%,4422,0.42%,2675,0.41%
Sunflora,192,FALSE,Grass,,425,75,75,55,105,85,30,2,FALSE,697,0.00%,645,0.06%,401,0.06%
Pidgey,16,TRUE,Normal,Flying,251,40,45,40,35,35,56,1,FALSE,703,0.00%,298,0.03%,172,0.03%
Swablu,333,TRUE,Normal,Flying,310,45,40,60,40,75,50,3,FALSE,823,0.00%,77,0.01%,66,0.01%
Rockruff,744,TRUE,Rock,,280,45,65,40,30,40,60,7,FALSE,862,0.00%,236,0.02%,176,0.03%
DeoxysDefense,386,FALSE,Psychic,,600,50,70,160,70,160,90,3,TRUE,142,0.26%,13091,1.25%,8780,1.36%
Magnemite,81,TRUE,Electric,Steel,325,25,35,70,95,55,45,1,FALSE,236,0.07%,13236,1.27%,5313,0.82%
Sentret,161,TRUE,Normal,,215,35,46,34,35,45,20,2,FALSE,816,0.00%,209,0.02%,74,0.01%
OricorioBaile,741,FALSE,Fire,Flying,476,75,70,70,98,70,93,7,FALSE,570,0.00%,672,0.06%,456,0.07%
Quilladin,651,TRUE,Grass,,405,61,78,95,56,58,57,6,FALSE,694,0.00%,117,0.01%,80,0.01%
Roggenrola,524,TRUE,Rock,,280,55,75,85,25,25,15,5,FALSE,782,0.00%,190,0.02%,152,0.02%
Raichu,26,FALSE,Electric,,485,60,90,55,90,80,110,1,FALSE,338,0.03%,7043,0.67%,4603,0.71%
HoopaConfined,720,FALSE,Psychic,Ghost,600,80,110,60,150,130,70,6,TRUE,393,0.02%,1518,0.15%,947,0.15%
Silcoon,266,TRUE,Bug,,205,50,35,55,25,25,15,3,FALSE,927,0.00%,55,0.01%,34,0.01%
Lanturn,171,FALSE,Water,Electric,460,125,58,58,76,76,67,2,FALSE,433,0.01%,3466,0.33%,2233,0.35%
Grovyle,253,TRUE,Grass,,405,50,65,45,85,65,95,3,FALSE,620,0.00%,508,0.05%,376,0.06%
Jellicent,593,FALSE,Water,Ghost,480,100,60,70,85,105,60,5,FALSE,282,0.05%,5071,0.49%,3299,0.51%
Regigigas,486,FALSE,Normal,,670,110,160,110,80,110,100,4,TRUE,383,0.02%,3978,0.38%,2371,0.37%
Wigglytuff,40,FALSE,Normal,Fairy,435,140,70,45,85,50,45,1,FALSE,571,0.00%,2359,0.23%,1584,0.25%
Heracross,214,FALSE,Bug,Fighting,500,80,125,75,40,95,85,2,FALSE,251,0.06%,7389,0.71%,4656,0.72%
Froakie,656,TRUE,Water,,314,41,56,40,62,44,71,6,FALSE,532,0.00%,520,0.05%,428,0.07%
Slugma,218,TRUE,Fire,,250,40,40,40,70,40,20,2,FALSE,868,0.00%,120,0.01%,91,0.01%
Aron,304,TRUE,Steel,Rock,330,50,70,100,40,40,30,3,FALSE,119,0.35%,8419,0.80%,4267,0.66%
Simipour,516,FALSE,Water,,498,75,98,63,98,63,101,5,FALSE,568,0.00%,826,0.08%,551,0.09%
Bidoof,399,TRUE,Normal,,250,59,45,40,35,40,31,4,FALSE,429,0.01%,3382,0.32%,1299,0.20%
PinsirMega,127,FALSE,Bug,Flying,600,65,155,120,65,90,105,1,FALSE,189,0.13%,6711,0.64%,4089,0.63%
Gastly,92,TRUE,Ghost,Poison,310,30,35,30,100,35,80,1,FALSE,670,0.00%,566,0.05%,347,0.05%
Heatmor,631,FALSE,Fire,,484,85,97,66,105,66,65,5,FALSE,598,0.00%,743,0.07%,426,0.07%
AerodactylMega,142,FALSE,Rock,Flying,615,80,135,85,70,95,150,1,FALSE,146,0.25%,8267,0.79%,5343,0.83%
Beheeyem,606,FALSE,Psychic,,485,75,75,75,125,95,40,5,FALSE,575,0.00%,1037,0.10%,657,0.10%
Smeargle,235,FALSE,Normal,,250,55,20,35,20,45,75,2,FALSE,11,14.08%,117318,11.21%,69202,10.70%
Slowbro,80,FALSE,Water,Psychic,490,95,75,110,100,80,30,1,FALSE,337,0.03%,3862,0.37%,2327,0.36%
Simisage,512,FALSE,Grass,,498,75,98,63,98,63,101,5,FALSE,657,0.00%,1105,0.11%,607,0.09%
OricorioPa'u,741,FALSE,Psychic,Flying,476,75,70,70,98,70,93,7,FALSE,650,0.00%,343,0.03%,211,0.03%
Kecleon,352,FALSE,Normal,,440,60,90,70,60,120,40,3,FALSE,417,0.02%,3298,0.32%,1996,0.31%
RotomFrost,479,FALSE,Electric,Ice,520,50,65,107,105,107,86,4,FALSE,463,0.01%,1912,0.18%,1284,0.20%
Marowak,105,FALSE,Ground,,425,60,80,110,50,80,45,1,FALSE,404,0.02%,2780,0.27%,1688,0.26%
Foongus,590,TRUE,Grass,Poison,294,69,55,45,55,55,15,5,FALSE,875,0.00%,68,0.01%,42,0.01%
Simisear,514,FALSE,Fire,,498,75,98,63,98,63,101,5,FALSE,677,0.00%,1154,0.11%,742,0.12%
Feebas,349,TRUE,Water,,200,20,15,20,10,55,80,3,FALSE,798,0.00%,264,0.03%,117,0.02%
Spoink,325,TRUE,Psychic,,330,60,25,35,70,80,60,3,FALSE,853,0.00%,75,0.01%,49,0.01%
Blastoise,9,FALSE,Water,,530,79,83,100,85,105,78,1,FALSE,303,0.04%,8856,0.85%,5851,0.90%
Stunfisk,618,FALSE,Ground,Electric,471,109,66,84,81,99,32,5,FALSE,480,0.01%,1409,0.14%,862,0.13%
GyaradosMega,130,FALSE,Water,Dark,640,95,155,109,70,130,81,1,FALSE,170,0.17%,12630,1.21%,8400,1.30%
Cosmoem,790,TRUE,Psychic,,400,43,29,131,29,131,37,7,TRUE,586,0.00%,331,0.03%,152,0.02%
Toxicroak,454,FALSE,Poison,Fighting,490,83,106,65,86,65,85,4,FALSE,328,0.03%,7043,0.67%,4758,0.74%
Spritzee,682,TRUE,Fairy,,341,78,52,60,63,65,23,6,FALSE,891,0.00%,117,0.01%,78,0.01%
GengarMega,94,FALSE,Ghost,Poison,600,60,65,80,170,95,130,1,FALSE,14,9.68%,38713,3.70%,25596,3.96%
Chimecho,358,FALSE,Psychic,,425,65,50,70,95,80,65,3,FALSE,505,0.01%,779,0.07%,425,0.07%
Banette,354,FALSE,Ghost,,455,64,115,65,83,63,65,3,FALSE,597,0.00%,776,0.07%,498,0.08%
Minccino,572,TRUE,Normal,,300,55,50,40,40,40,75,5,FALSE,904,0.00%,80,0.01%,50,0.01%
Regice,378,FALSE,Ice,,580,80,50,100,100,200,50,3,TRUE,406,0.02%,3200,0.31%,1931,0.30%
Stakataka,805,FALSE,Rock,Steel,570,61,131,211,53,101,13,7,TRUE,98,0.56%,11044,1.06%,6803,1.05%
Kingdra,230,FALSE,Water,Dragon,540,75,95,95,95,95,85,2,FALSE,252,0.06%,8602,0.82%,5406,0.84%
Swampert,260,FALSE,Water,Ground,535,100,110,90,85,90,60,3,FALSE,284,0.05%,8594,0.82%,6023,0.93%
Staryu,120,TRUE,Water,,340,30,45,55,70,55,85,1,FALSE,908,0.00%,107,0.01%,63,0.01%
LopunnyMega,428,FALSE,Normal,Fighting,580,65,136,94,54,96,135,4,FALSE,118,0.36%,18258,1.75%,12805,1.98%
Granbull,210,FALSE,Fairy,,450,90,120,75,60,60,45,2,FALSE,389,0.02%,2752,0.26%,1817,0.28%
Chimchar,390,TRUE,Fire,,309,44,58,44,58,44,61,4,FALSE,772,0.00%,198,0.02%,103,0.02%
Fletchling,661,TRUE,Normal,Flying,278,45,50,43,40,38,62,6,FALSE,781,0.00%,152,0.02%,69,0.01%
Yanmega,469,FALSE,Bug,Flying,515,86,76,86,116,56,95,4,FALSE,315,0.04%,5220,0.50%,3446,0.53%
Servine,496,TRUE,Grass,,413,60,60,75,60,75,83,5,FALSE,766,0.00%,314,0.03%,184,0.03%
Clamperl,366,TRUE,Water,,345,35,64,85,74,55,32,3,FALSE,623,0.00%,311,0.03%,215,0.03%
ArceusNormal,493,FALSE,Normal,,720,120,120,120,120,120,120,4,TRUE,7,24.87%,59815,5.72%,34326,5.31%
Primarina,730,FALSE,Water,Fairy,530,80,74,74,126,116,60,7,FALSE,239,0.07%,14146,1.35%,9139,1.41%
Bellsprout,69,TRUE,Grass,Poison,300,50,75,35,70,30,40,1,FALSE,893,0.00%,115,0.01%,64,0.01%
Qwilfish,211,FALSE,Water,Poison,430,65,95,75,55,55,85,2,FALSE,361,0.03%,2771,0.27%,1446,0.22%
Furfrou,676,FALSE,Normal,,472,75,80,60,65,90,102,6,FALSE,485,0.01%,2374,0.23%,1244,0.19%
Bouffalant,626,FALSE,Normal,,490,95,110,95,40,95,55,5,FALSE,471,0.01%,1509,0.14%,1000,0.16%
Lickilicky,463,FALSE,Normal,,515,110,85,95,80,95,50,4,FALSE,469,0.01%,1778,0.17%,1096,0.17%
Chesnaught,652,FALSE,Grass,Fighting,530,88,107,122,74,75,64,6,FALSE,391,0.02%,5325,0.51%,3595,0.56%
Slakoth,287,TRUE,Normal,,280,60,60,60,35,35,30,3,FALSE,899,0.00%,141,0.01%,70,0.01%
RotomMow,479,FALSE,Electric,Grass,520,50,65,107,105,107,86,4,FALSE,434,0.01%,2893,0.28%,1887,0.29%
Darkrai,491,FALSE,Dark,,600,70,90,90,135,90,125,4,TRUE,54,1.46%,52046,4.97%,32419,5.01%
Pancham,674,TRUE,Fighting,,348,67,82,62,46,48,43,6,FALSE,869,0.00%,150,0.01%,80,0.01%
ShayminSky,492,FALSE,Grass,Flying,600,100,103,75,120,75,127,4,TRUE,52,1.50%,25206,2.41%,14601,2.26%
Spearow,21,TRUE,Normal,Flying,262,40,60,30,31,31,70,1,FALSE,953,0.00%,46,0.00%,38,0.01%
Beautifly,267,FALSE,Bug,Flying,395,60,70,50,100,50,65,3,FALSE,691,0.00%,502,0.05%,309,0.05%
Kabuto,140,TRUE,Rock,Water,355,30,80,90,55,45,55,1,FALSE,831,0.00%,51,0.01%,33,0.01%
Tsareena,763,FALSE,Grass,,510,72,120,98,50,98,72,7,FALSE,345,0.03%,5851,0.56%,3619,0.56%
Kangaskhan,115,FALSE,Normal,,490,105,95,80,40,80,90,1,FALSE,482,0.01%,1034,0.10%,610,0.09%
ArceusWater,493,FALSE,Water,,720,120,120,120,120,120,120,4,TRUE,22,5.75%,8981,0.86%,5869,0.91%
Gabite,444,TRUE,Dragon,Ground,410,68,90,65,50,55,82,4,FALSE,602,0.00%,277,0.03%,180,0.03%
Swellow,277,FALSE,Normal,Flying,430,60,85,60,50,50,125,3,FALSE,237,0.07%,8667,0.83%,5549,0.86%
Duskull,355,TRUE,Ghost,,295,20,40,90,30,90,25,3,FALSE,645,0.00%,241,0.02%,161,0.03%
Latios,381,FALSE,Dragon,Psychic,600,80,90,80,130,110,110,3,TRUE,186,0.14%,7276,0.70%,4252,0.66%
CameruptMega,323,FALSE,Fire,Ground,560,70,120,100,145,105,20,3,FALSE,286,0.05%,2757,0.26%,1825,0.28%
Sandygast,769,TRUE,Ghost,Ground,320,55,55,80,70,45,15,7,FALSE,857,0.00%,46,0.00%,33,0.01%
Druddigon,621,FALSE,Dragon,,485,77,120,90,60,90,48,5,FALSE,355,0.03%,1853,0.18%,1351,0.21%
Slowking,199,FALSE,Water,Psychic,490,95,75,80,100,110,30,2,FALSE,430,0.01%,2523,0.24%,1617,0.25%
GlalieMega,362,FALSE,Ice,,580,80,120,80,120,80,100,3,FALSE,331,0.03%,2936,0.28%,1803,0.28%
Togekiss,468,FALSE,Fairy,Flying,545,85,50,95,120,115,80,4,FALSE,113,0.39%,32774,3.13%,20289,3.14%
PidgeotMega,18,FALSE,Normal,Flying,579,83,80,80,135,80,121,1,FALSE,263,0.06%,7958,0.76%,5348,0.83%
Shinx,403,TRUE,Electric,,263,45,65,34,40,34,45,4,FALSE,936,0.00%,86,0.01%,61,0.01%
Roselia,315,TRUE,Grass,Poison,400,50,60,45,100,80,65,3,FALSE,631,0.00%,259,0.03%,184,0.03%
CharizardMegaY,6,FALSE,Fire,Flying,634,78,104,78,159,115,100,1,FALSE,158,0.20%,26480,2.53%,17449,2.70%
Croagunk,453,TRUE,Poison,Fighting,300,48,61,40,61,40,50,4,FALSE,765,0.00%,286,0.03%,188,0.03%
MarowakAlola,105,FALSE,Fire,Ghost,425,60,80,110,50,80,45,1,FALSE,202,0.12%,10363,0.99%,6605,1.02%
Nincada,290,TRUE,Bug,Ground,266,31,45,90,30,30,40,3,FALSE,952,0.00%,77,0.01%,52,0.01%
LatiosMega,381,FALSE,Dragon,Psychic,700,80,130,100,160,120,110,3,TRUE,333,0.03%,4965,0.47%,2997,0.46%
KangaskhanMega,115,FALSE,Normal,,590,105,125,100,60,100,100,1,FALSE,59,1.30%,24325,2.32%,16521,2.55%
Trevenant,709,FALSE,Ghost,Grass,474,85,110,76,65,82,56,6,FALSE,250,0.06%,8971,0.86%,5306,0.82%
GardevoirMega,282,FALSE,Psychic,Fairy,618,68,85,65,165,135,100,3,FALSE,183,0.15%,22403,2.14%,13710,2.12%
DiancieMega,719,FALSE,Rock,Fairy,700,50,160,110,160,110,110,6,TRUE,84,0.83%,13579,1.30%,9314,1.44%
GravelerAlola,75,TRUE,Rock,Electric,390,55,95,115,45,45,35,7,FALSE,746,0.00%,299,0.03%,189,0.03%
DiglettAlola,50,TRUE,Ground,Steel,265,10,55,30,35,45,90,7,FALSE,917,0.00%,87,0.01%,67,0.01%
SilvallyRock,773,FALSE,Rock,,570,95,95,95,95,95,95,7,TRUE,753,0.00%,48,0.01%,29,0.00%
Salandit,757,TRUE,Poison,Fire,320,48,44,40,71,40,77,7,FALSE,745,0.00%,158,0.02%,80,0.01%
Moltres,146,FALSE,Fire,Flying,580,90,100,90,125,85,90,1,TRUE,414,0.02%,2911,0.28%,1893,0.29%
Buneary,427,TRUE,Normal,,350,55,66,44,44,56,85,4,FALSE,651,0.00%,676,0.07%,290,0.05%
Uxie,480,FALSE,Psychic,,580,75,75,130,75,130,95,4,TRUE,299,0.04%,3100,0.30%,2480,0.38%
Bastiodon,411,FALSE,Rock,Steel,495,60,52,168,47,138,30,4,FALSE,244,0.06%,3134,0.30%,2280,0.35%
Avalugg,713,FALSE,Ice,,514,95,117,184,44,46,28,6,FALSE,358,0.03%,2925,0.28%,1804,0.28%
Vanillish,583,TRUE,Ice,,395,51,65,65,80,75,59,5,FALSE,673,0.00%,96,0.01%,61,0.01%
Zigzagoon,263,TRUE,Normal,,240,38,30,41,30,41,60,3,FALSE,769,0.00%,231,0.02%,144,0.02%
Magearna,801,FALSE,Steel,Fairy,600,80,95,115,130,115,65,7,TRUE,58,1.36%,13117,1.25%,8220,1.27%
Zekrom,644,FALSE,Dragon,Electric,680,100,150,120,120,100,90,5,TRUE,111,0.41%,12244,1.17%,7730,1.20%
Relicanth,369,FALSE,Water,Rock,485,100,90,130,45,65,55,3,FALSE,724,0.00%,547,0.05%,345,0.05%
Boldore,525,TRUE,Rock,,390,70,105,105,50,40,20,5,FALSE,754,0.00%,188,0.02%,131,0.02%
Aggron,306,FALSE,Steel,Rock,530,70,110,180,60,60,50,3,FALSE,298,0.04%,8830,0.84%,5935,0.92%
ArceusPsychic,493,FALSE,Psychic,,720,120,120,120,120,120,120,4,TRUE,270,0.05%,1792,0.17%,1119,0.17%
Armaldo,348,FALSE,Rock,Bug,495,75,125,100,70,80,45,3,FALSE,444,0.01%,2235,0.21%,1497,0.23%
Hydreigon,635,FALSE,Dark,Dragon,600,92,105,90,125,90,98,5,FALSE,90,0.66%,15942,1.52%,10191,1.58%
Tranquill,520,TRUE,Normal,Flying,358,62,77,62,50,42,65,5,FALSE,956,0.00%,47,0.00%,33,0.01%
Mothim,414,FALSE,Bug,Flying,424,70,94,50,94,50,66,4,FALSE,508,0.01%,482,0.05%,320,0.05%
Ninetales,38,FALSE,Fire,,505,73,76,75,81,100,100,1,FALSE,314,0.04%,7038,0.67%,4705,0.73%
Tapu Fini,788,FALSE,Water,Fairy,570,70,75,115,95,130,85,7,TRUE,115,0.38%,9325,0.89%,6301,0.97%
Cubchoo,613,TRUE,Ice,,305,55,70,40,60,40,40,5,FALSE,864,0.00%,115,0.01%,84,0.01%
Mightyena,262,FALSE,Dark,,420,70,90,70,60,60,70,3,FALSE,459,0.01%,2162,0.21%,1418,0.22%
Gorebyss,368,FALSE,Water,,485,55,84,105,114,75,52,3,FALSE,321,0.04%,3031,0.29%,2020,0.31%
Ampharos,181,FALSE,Electric,,510,90,75,85,115,90,55,2,FALSE,453,0.01%,2935,0.28%,1856,0.29%
Shuppet,353,TRUE,Ghost,,295,44,75,35,63,33,45,3,FALSE,748,0.00%,110,0.01%,93,0.01%
Palossand,770,FALSE,Ghost,Ground,480,85,75,110,100,75,35,7,FALSE,403,0.02%,2999,0.29%,1915,0.30%
Monferno,391,TRUE,Fire,Fighting,405,64,78,52,78,52,81,4,FALSE,687,0.00%,245,0.02%,169,0.03%
OricorioPomPom,741,FALSE,Electric,Flying,476,75,70,70,98,70,93,7,FALSE,520,0.01%,907,0.09%,603,0.09%
PumpkabooLarge,710,TRUE,Ghost,Grass,335,54,66,70,44,55,46,6,FALSE,945,0.00%,29,0.00%,21,0.00%
Blaziken,257,FALSE,Fire,Fighting,530,80,120,70,110,70,80,3,FALSE,80,0.89%,33019,3.16%,22232,3.44%
Prinplup,394,TRUE,Water,,405,64,66,68,81,76,50,4,FALSE,669,0.00%,95,0.01%,67,0.01%
Meowstic,678,FALSE,Psychic,,466,74,48,76,83,81,104,6,FALSE,375,0.02%,3757,0.36%,2393,0.37%
Talonflame,663,FALSE,Fire,Flying,499,78,81,71,74,69,126,6,FALSE,149,0.22%,16855,1.61%,10341,1.60%
Abra,63,TRUE,Psychic,,310,25,20,15,105,55,90,1,FALSE,644,0.00%,346,0.03%,225,0.04%
Ledyba,165,TRUE,Bug,Flying,265,40,20,30,40,80,55,2,FALSE,838,0.00%,43,0.00%,37,0.01%
Goodra,706,FALSE,Dragon,,600,90,100,70,110,150,80,6,FALSE,210,0.10%,14327,1.37%,8925,1.38%
Camerupt,323,FALSE,Fire,Ground,460,70,100,70,105,75,40,3,FALSE,399,0.02%,1269,0.12%,913,0.14%
Suicune,245,FALSE,Water,,580,100,75,115,90,115,85,2,TRUE,222,0.09%,7152,0.68%,4403,0.68%
Honedge,679,TRUE,Steel,Ghost,325,45,80,100,35,37,28,6,FALSE,938,0.00%,97,0.01%,65,0.01%
Ludicolo,272,FALSE,Water,Grass,480,80,70,70,90,100,70,3,FALSE,356,0.03%,7580,0.72%,4200,0.65%
Cinccino,573,FALSE,Normal,,470,75,95,60,65,60,115,5,FALSE,234,0.07%,11302,1.08%,7046,1.09%
Crobat,169,FALSE,Poison,Flying,535,85,90,80,70,80,130,2,FALSE,161,0.19%,21050,2.01%,14227,2.20%
Yanma,193,TRUE,Bug,Flying,390,65,65,45,75,45,95,2,FALSE,848,0.00%,117,0.01%,68,0.01%
Dustox,269,FALSE,Bug,Poison,385,60,50,70,50,90,65,3,FALSE,601,0.00%,692,0.07%,406,0.06%
Purugly,432,FALSE,Normal,,452,71,82,64,64,59,112,4,FALSE,536,0.00%,1337,0.13%,931,0.14%
Whismur,293,TRUE,Normal,,240,64,51,23,51,23,28,3,FALSE,817,0.00%,47,0.00%,37,0.01%
Exeggcute,102,TRUE,Grass,Psychic,325,60,40,80,60,45,40,1,FALSE,894,0.00%,141,0.01%,108,0.02%
Inkay,686,TRUE,Dark,Psychic,288,53,54,53,37,46,45,6,FALSE,775,0.00%,265,0.03%,179,0.03%
Frogadier,657,TRUE,Water,,405,54,63,52,83,56,97,6,FALSE,737,0.00%,390,0.04%,229,0.04%
Tyrantrum,697,FALSE,Rock,Dragon,521,82,121,119,69,59,71,6,FALSE,289,0.05%,7710,0.74%,4806,0.74%
GreninjaAsh,658,FALSE,Water,Dark,640,72,145,67,153,71,132,6,FALSE,78,0.90%,65831,6.29%,42471,6.57%
Mienshao,620,FALSE,Fighting,,510,65,125,60,95,60,105,5,FALSE,296,0.04%,6814,0.65%,4508,0.70%
Trubbish,568,TRUE,Poison,,329,50,50,62,40,62,65,5,FALSE,629,0.00%,445,0.04%,343,0.05%
Munchlax,446,TRUE,Normal,,390,135,85,40,40,85,5,4,FALSE,564,0.00%,607,0.06%,377,0.06%
Mr. Mime,122,FALSE,Psychic,Fairy,460,40,45,65,100,120,90,1,FALSE,45,1.88%,6980,0.67%,3660,0.57%
Kricketune,402,FALSE,Bug,,384,77,85,51,55,51,65,4,FALSE,509,0.01%,1854,0.18%,1535,0.24%
ArceusGround,493,FALSE,Ground,,720,120,120,120,120,120,120,4,TRUE,9,19.95%,19444,1.86%,14525,2.25%
Celebi,251,FALSE,Psychic,Grass,600,100,100,100,100,100,100,2,FALSE,309,0.04%,5966,0.57%,3723,0.58%
Riolu,447,TRUE,Fighting,,285,40,70,40,35,40,60,4,FALSE,566,0.00%,1100,0.11%,639,0.10%
Cyndaquil,155,TRUE,Fire,,309,39,52,43,60,50,65,2,FALSE,854,0.00%,131,0.01%,91,0.01%
Combusken,256,TRUE,Fire,Fighting,405,60,85,60,85,60,55,3,FALSE,502,0.01%,1039,0.10%,740,0.11%
Luvdisc,370,FALSE,Water,,330,43,30,55,40,65,97,3,FALSE,484,0.01%,1230,0.12%,493,0.08%
Xurkitree,796,FALSE,Electric,,570,83,89,71,173,71,83,7,TRUE,155,0.21%,11339,1.08%,7081,1.10%
Tepig,498,TRUE,Fire,,308,65,63,45,45,45,45,5,FALSE,867,0.00%,117,0.01%,77,0.01%
Piloswine,221,TRUE,Ice,Ground,450,100,100,80,60,60,50,2,FALSE,540,0.00%,1243,0.12%,821,0.13%
Mantyke,458,TRUE,Water,Flying,345,45,20,50,60,120,50,4,FALSE,712,0.00%,185,0.02%,136,0.02%
ArceusSteel,493,FALSE,Steel,,720,120,120,120,120,120,120,4,TRUE,12,13.35%,18551,1.77%,12489,1.93%
Magneton,82,TRUE,Electric,Steel,465,50,60,95,120,70,70,1,FALSE,441,0.01%,2074,0.20%,1392,0.22%
Drifblim,426,FALSE,Ghost,Flying,498,150,80,44,90,54,80,4,FALSE,40,2.42%,24530,2.34%,17956,2.78%
Samurott,503,FALSE,Water,,528,95,100,85,108,70,70,5,FALSE,439,0.01%,5293,0.51%,3425,0.53%
Vibrava,329,TRUE,Ground,Dragon,340,50,70,50,50,50,70,3,FALSE,547,0.00%,83,0.01%,55,0.01%
Caterpie,10,TRUE,Bug,,195,45,30,35,20,20,45,1,FALSE,630,0.00%,881,0.08%,379,0.06%
Cofagrigus,563,FALSE,Ghost,,483,58,50,145,95,105,30,5,FALSE,254,0.06%,7981,0.76%,5720,0.88%
SandslashAlola,28,FALSE,Ice,Steel,450,75,100,120,25,65,65,7,FALSE,423,0.01%,3659,0.35%,2393,0.37%
Lunala,792,FALSE,Psychic,Ghost,680,137,113,89,137,107,97,7,TRUE,30,3.90%,16535,1.58%,10249,1.58%
Incineroar,727,FALSE,Fire,Dark,530,95,115,90,80,90,60,7,FALSE,238,0.07%,11054,1.06%,7448,1.15%
Ninjask,291,FALSE,Bug,Flying,456,61,90,45,50,50,160,3,FALSE,104,0.49%,32799,3.13%,25123,3.88%
Nidorina,30,TRUE,Poison,,365,70,62,67,55,55,56,1,FALSE,883,0.00%,98,0.01%,71,0.01%
Poliwrath,62,FALSE,Water,Fighting,510,90,95,95,70,90,70,1,FALSE,400,0.02%,3532,0.34%,2204,0.34%
Grumpig,326,FALSE,Psychic,,470,80,45,65,90,110,80,3,FALSE,515,0.01%,910,0.09%,583,0.09%
Vulpix,37,TRUE,Fire,,299,38,41,40,50,65,65,1,FALSE,909,0.00%,92,0.01%,64,0.01%
Bagon,371,TRUE,Dragon,,300,45,75,60,40,30,50,3,FALSE,887,0.00%,129,0.01%,92,0.01%
SilvallyBug,773,FALSE,Bug,,570,95,95,95,95,95,95,7,TRUE,840,0.00%,94,0.01%,44,0.01%
Fennekin,653,TRUE,Fire,,307,40,45,40,62,60,60,6,FALSE,892,0.00%,186,0.02%,139,0.02%
Pyroar,668,FALSE,Fire,Normal,507,86,68,72,109,66,106,6,FALSE,457,0.01%,2870,0.27%,1857,0.29%
Groudon,383,FALSE,Ground,,670,100,150,140,100,90,90,3,TRUE,70,1.14%,4550,0.44%,2967,0.46%
Budew,406,TRUE,Grass,Poison,280,40,30,35,50,70,55,4,FALSE,913,0.00%,82,0.01%,66,0.01%
BlazikenMega,257,FALSE,Fire,Fighting,630,80,160,80,130,80,100,3,FALSE,86,0.76%,38647,3.69%,25436,3.93%
Tangrowth,465,FALSE,Grass,,535,100,100,125,110,50,50,4,FALSE,188,0.14%,7635,0.73%,4912,0.76%
Bewear,760,FALSE,Normal,Fighting,500,120,125,80,55,60,60,7,FALSE,415,0.02%,3992,0.38%,2481,0.38%
Gurdurr,533,TRUE,Fighting,,405,85,105,85,40,50,40,5,FALSE,591,0.00%,440,0.04%,256,0.04%
Drapion,452,FALSE,Poison,Dark,500,70,90,110,60,75,95,4,FALSE,245,0.06%,11151,1.07%,7818,1.21%
Kabutops,141,FALSE,Rock,Water,495,60,115,105,65,70,80,1,FALSE,362,0.03%,2946,0.28%,1851,0.29%
SilvallyIce,773,FALSE,Ice,,570,95,95,95,95,95,95,7,TRUE,637,0.00%,433,0.04%,278,0.04%
Corphish,341,TRUE,Water,,308,43,80,65,50,35,35,3,FALSE,774,0.00%,347,0.03%,193,0.03%
Togepi,175,TRUE,Fairy,,245,35,20,65,40,65,20,2,FALSE,680,0.00%,598,0.06%,217,0.03%
Kadabra,64,TRUE,Psychic,,400,40,35,30,120,70,105,1,FALSE,672,0.00%,370,0.04%,231,0.04%
Eelektross,604,FALSE,Electric,,515,85,115,80,105,80,50,5,FALSE,343,0.03%,9745,0.93%,6645,1.03%
Mantine,226,FALSE,Water,Flying,465,65,40,70,80,140,70,2,FALSE,304,0.04%,3460,0.33%,2215,0.34%
Skitty,300,TRUE,Normal,,260,50,45,45,35,35,50,3,FALSE,818,0.00%,401,0.04%,199,0.03%
GalladeMega,475,FALSE,Psychic,Fighting,618,68,165,95,65,115,110,4,FALSE,205,0.11%,14858,1.42%,9241,1.43%
Feraligatr,160,FALSE,Water,,530,85,105,100,79,83,78,2,FALSE,219,0.09%,10857,1.04%,6983,1.08%
Chandelure,609,FALSE,Ghost,Fire,520,60,55,90,145,90,80,5,FALSE,87,0.76%,18205,1.74%,11792,1.82%
Bibarel,400,FALSE,Normal,Water,410,79,85,60,55,60,71,4,FALSE,274,0.05%,4921,0.47%,2346,0.36%
Salazzle,758,FALSE,Poison,Fire,480,68,64,60,111,60,117,7,FALSE,223,0.09%,10761,1.03%,7055,1.09%
MedichamMega,308,FALSE,Fighting,Psychic,510,60,100,85,80,85,100,3,FALSE,261,0.06%,10217,0.98%,6581,1.02%
Tyrunt,696,TRUE,Rock,Dragon,362,58,89,77,45,45,48,6,FALSE,888,0.00%,190,0.02%,124,0.02%
AggronMega,306,FALSE,Steel,,630,70,140,230,60,80,50,3,FALSE,249,0.06%,8437,0.81%,5742,0.89%
Scyther,123,TRUE,Bug,Flying,500,70,110,80,55,80,105,1,FALSE,374,0.02%,3475,0.33%,2112,0.33%
Raikou,243,FALSE,Electric,,580,90,85,75,115,100,115,2,TRUE,257,0.06%,4860,0.46%,2981,0.46%
Carvanha,318,TRUE,Water,Dark,305,45,90,20,65,20,65,3,FALSE,736,0.00%,90,0.01%,61,0.01%
Omastar,139,FALSE,Rock,Water,495,70,60,125,115,70,55,1,FALSE,377,0.02%,2867,0.27%,2188,0.34%
Hippowdon,450,FALSE,Ground,,525,108,112,118,68,72,47,4,FALSE,167,0.18%,5601,0.54%,4291,0.66%
KyuremWhite,646,FALSE,Dragon,Ice,700,125,120,90,170,100,95,5,TRUE,53,1.47%,12231,1.17%,7107,1.10%
Emolga,587,FALSE,Electric,Flying,428,55,75,60,75,60,103,5,FALSE,518,0.01%,2262,0.22%,1553,0.24%
Nihilego,793,FALSE,Rock,Poison,570,109,53,47,127,131,103,7,TRUE,180,0.16%,6586,0.63%,4769,0.74%
MetagrossMega,376,FALSE,Steel,Psychic,700,80,145,150,105,110,110,3,FALSE,109,0.43%,25292,2.42%,16519,2.55%
Electivire,466,FALSE,Electric,,540,75,123,67,95,85,95,4,FALSE,247,0.06%,13690,1.31%,8816,1.36%
Totodile,158,TRUE,Water,,314,50,65,64,44,48,43,2,FALSE,659,0.00%,319,0.03%,233,0.04%
Metapod,11,TRUE,Bug,,205,50,20,55,25,25,30,1,FALSE,625,0.00%,859,0.08%,295,0.05%
Torchic,255,TRUE,Fire,,310,45,60,40,70,50,45,3,FALSE,556,0.00%,637,0.06%,328,0.05%
Helioptile,694,TRUE,Electric,Normal,289,44,38,33,61,43,70,6,FALSE,921,0.00%,15,0.00%,12,0.00%
Yamask,562,TRUE,Ghost,,303,38,30,85,55,65,30,5,FALSE,757,0.00%,203,0.02%,129,0.02%
SandshrewAlola,27,TRUE,Ice,Steel,300,50,75,90,10,35,40,7,FALSE,683,0.00%,87,0.01%,68,0.01%
MawileMega,303,FALSE,Steel,Fairy,480,50,105,125,55,95,50,3,FALSE,93,0.62%,13493,1.29%,8784,1.36%
Graveler,75,TRUE,Rock,Ground,390,55,95,115,45,45,35,1,FALSE,612,0.00%,269,0.03%,208,0.03%
Scrafty,560,FALSE,Dark,Fighting,488,65,90,115,45,115,58,5,FALSE,401,0.02%,6953,0.66%,4388,0.68%
Quilava,156,TRUE,Fire,,405,58,64,58,80,65,80,2,FALSE,559,0.00%,228,0.02%,157,0.02%
Squirtle,7,TRUE,Water,,314,44,48,65,50,64,43,1,FALSE,617,0.00%,902,0.09%,564,0.09%
Dartrix,723,TRUE,Grass,Flying,420,78,75,75,70,70,52,7,FALSE,730,0.00%,369,0.04%,235,0.04%
Clauncher,692,TRUE,Water,,330,50,53,62,58,63,44,6,FALSE,949,0.00%,15,0.00%,12,0.00%
TyranitarMega,248,FALSE,Rock,Dark,700,100,164,150,95,120,71,2,FALSE,145,0.25%,14593,1.39%,9507,1.47%
Pidgeotto,17,TRUE,Normal,Flying,349,63,60,55,50,50,71,1,FALSE,792,0.00%,157,0.02%,113,0.02%
Seel,86,TRUE,Water,,325,65,45,55,45,70,45,1,FALSE,715,0.00%,343,0.03%,105,0.02%
Golduck,55,FALSE,Water,,500,80,82,78,95,80,85,1,FALSE,351,0.03%,2213,0.21%,1387,0.21%
SilvallyGround,773,FALSE,Ground,,570,95,95,95,95,95,95,7,TRUE,696,0.00%,283,0.03%,168,0.03%
Wailord,321,FALSE,Water,,500,170,90,45,90,45,60,3,FALSE,489,0.01%,3544,0.34%,2091,0.32%
Klink,599,TRUE,Steel,,300,40,55,70,45,60,30,5,FALSE,955,0.00%,15,0.00%,7,0.00%
Kingler,99,FALSE,Water,,475,55,130,115,50,50,75,1,FALSE,524,0.01%,3106,0.30%,1516,0.23%
Dragalge,691,FALSE,Poison,Dragon,494,65,75,90,97,123,44,6,FALSE,369,0.02%,4543,0.43%,2967,0.46%
Horsea,116,TRUE,Water,,295,30,40,70,70,25,60,1,FALSE,804,0.00%,81,0.01%,39,0.01%
Throh,538,FALSE,Fighting,,465,120,100,85,30,85,45,5,FALSE,626,0.00%,633,0.06%,374,0.06%
ScizorMega,212,FALSE,Bug,Steel,600,70,150,140,65,100,75,2,FALSE,126,0.31%,19156,1.83%,12557,1.94%
Anorith,347,TRUE,Rock,Bug,355,45,95,50,40,50,75,3,FALSE,786,0.00%,88,0.01%,59,0.01%
MewtwoMegaY,150,FALSE,Psychic,,780,106,150,70,194,120,140,1,TRUE,33,3.38%,36003,3.44%,22461,3.47%
Liepard,510,FALSE,Dark,,446,64,88,50,88,50,106,5,FALSE,235,0.07%,4251,0.41%,3110,0.48%
Larvitar,246,TRUE,Rock,Ground,300,50,64,50,45,50,41,2,FALSE,829,0.00%,78,0.01%,48,0.01%
Dodrio,85,FALSE,Normal,Flying,460,60,110,70,60,60,100,1,FALSE,447,0.01%,2480,0.24%,1467,0.23%
Weezing,110,FALSE,Poison,,490,65,90,120,85,70,60,1,FALSE,322,0.03%,4237,0.41%,3101,0.48%
Floatzel,419,FALSE,Water,,495,85,105,55,85,50,115,4,FALSE,379,0.02%,3481,0.33%,2331,0.36%
Torkoal,324,FALSE,Fire,,470,70,85,140,85,70,20,3,FALSE,294,0.04%,4513,0.43%,3429,0.53%
Volcarona,637,FALSE,Bug,Fire,550,85,60,65,135,105,100,5,FALSE,132,0.28%,31133,2.98%,18620,2.88%
Cacturne,332,FALSE,Grass,Dark,475,70,115,60,115,60,55,3,FALSE,500,0.01%,1893,0.18%,1216,0.19%
Dewgong,87,FALSE,Water,Ice,475,90,70,80,70,95,70,1,FALSE,560,0.00%,1218,0.12%,804,0.12%
Butterfree,12,FALSE,Bug,Flying,395,60,45,50,90,80,70,1,FALSE,479,0.01%,2739,0.26%,1799,0.28%
Castform,351,FALSE,Normal,,420,70,70,70,70,70,70,3,FALSE,593,0.00%,1493,0.14%,744,0.12%
Bisharp,625,FALSE,Dark,Steel,490,65,125,100,60,70,70,5,FALSE,150,0.22%,21443,2.05%,13691,2.12%
Oshawott,501,TRUE,Water,,308,55,55,45,63,45,45,5,FALSE,671,0.00%,201,0.02%,146,0.02%
Gliscor,472,FALSE,Ground,Flying,510,75,95,125,45,75,95,4,FALSE,79,0.89%,41801,3.99%,27549,4.26%
Cranidos,408,TRUE,Rock,,350,67,125,40,30,30,58,4,FALSE,638,0.00%,88,0.01%,54,0.01%
Karrablast,588,TRUE,Bug,,315,50,75,45,40,45,60,5,FALSE,915,0.00%,51,0.01%,37,0.01%
GourgeistAverage,711,FALSE,Ghost,Grass,494,65,90,122,58,75,84,6,FALSE,604,0.00%,382,0.04%,270,0.04%
Kartana,798,FALSE,Grass,Steel,570,59,181,131,59,31,109,7,TRUE,66,1.22%,32936,3.15%,20397,3.15%
Glameow,431,TRUE,Normal,,310,49,55,42,42,37,85,4,FALSE,935,0.00%,55,0.01%,47,0.01%
Swalot,317,FALSE,Poison,,467,100,73,83,73,83,55,3,FALSE,544,0.00%,1060,0.10%,521,0.08%
Toucannon,733,FALSE,Normal,Flying,485,80,120,75,75,75,60,7,FALSE,475,0.01%,4278,0.41%,2860,0.44%
Entei,244,FALSE,Fire,,580,115,115,85,90,75,100,2,TRUE,185,0.14%,3443,0.33%,2202,0.34%
Umbreon,197,FALSE,Dark,,525,95,65,110,60,130,65,2,FALSE,114,0.39%,24326,2.32%,15081,2.33%
Starly,396,TRUE,Normal,Flying,245,40,55,30,30,30,60,4,FALSE,550,0.00%,4189,0.40%,1134,0.18%
Noivern,715,FALSE,Flying,Dragon,535,85,70,80,97,80,123,6,FALSE,241,0.06%,11986,1.15%,7761,1.20%
Shelgon,372,TRUE,Dragon,,420,65,95,100,60,50,50,3,FALSE,707,0.00%,204,0.02%,135,0.02%
Tapu Bulu,787,FALSE,Grass,Fairy,570,70,130,115,85,95,75,7,TRUE,137,0.27%,9818,0.94%,5762,0.89%
Hawlucha,701,FALSE,Fighting,Flying,500,78,92,75,74,63,118,6,FALSE,174,0.17%,18149,1.73%,11835,1.83%
ArceusFairy,493,FALSE,Fairy,,720,120,120,120,120,120,120,4,TRUE,4,34.78%,35545,3.40%,24588,3.80%
Teddiursa,216,TRUE,Normal,,330,60,80,50,50,50,40,2,FALSE,839,0.00%,82,0.01%,59,0.01%
NidoranM,32,TRUE,Poison,,273,46,57,40,40,40,50,1,FALSE,849,0.00%,51,0.01%,39,0.01%
Cosmog,789,TRUE,Psychic,,200,43,29,31,29,31,37,7,TRUE,689,0.00%,441,0.04%,151,0.02%
Vanillite,582,TRUE,Ice,,305,36,50,50,65,60,44,5,FALSE,679,0.00%,181,0.02%,128,0.02%
DeoxysAttack,386,FALSE,Psychic,,600,50,180,20,180,20,150,3,TRUE,17,7.88%,30817,2.95%,16828,2.60%
Bronzong,437,FALSE,Steel,Psychic,500,67,89,116,79,116,33,4,FALSE,207,0.11%,5848,0.56%,4157,0.64%
Popplio,728,TRUE,Water,,320,50,54,54,66,56,40,7,FALSE,861,0.00%,107,0.01%,83,0.01%
Machoke,67,TRUE,Fighting,,405,80,100,70,50,60,45,1,FALSE,606,0.00%,730,0.07%,428,0.07%
Swoobat,528,FALSE,Psychic,Flying,425,67,57,55,77,55,114,5,FALSE,340,0.03%,2875,0.28%,1771,0.27%
Flaaffy,180,TRUE,Electric,,365,70,55,55,80,60,45,2,FALSE,632,0.00%,222,0.02%,141,0.02%
Braixen,654,TRUE,Fire,,409,59,59,58,90,70,73,6,FALSE,572,0.00%,997,0.10%,676,0.10%
Cubone,104,TRUE,Ground,,320,50,50,95,40,50,35,1,FALSE,278,0.05%,481,0.05%,332,0.05%
Crabominable,740,FALSE,Fighting,Ice,478,97,132,77,62,67,43,7,FALSE,533,0.00%,1353,0.13%,819,0.13%
Skuntank,435,FALSE,Poison,Dark,479,103,93,67,71,61,84,4,FALSE,488,0.01%,1351,0.13%,880,0.14%
Clawitzer,693,FALSE,Water,,500,71,73,88,120,89,59,6,FALSE,443,0.01%,3431,0.33%,2218,0.34%
Mienfoo,619,TRUE,Fighting,,350,45,85,50,55,50,65,5,FALSE,886,0.00%,105,0.01%,76,0.01%
Infernape,392,FALSE,Fire,Fighting,534,76,104,71,104,71,108,4,FALSE,131,0.29%,27945,2.67%,18817,2.91%
Ambipom,424,FALSE,Normal,,482,75,100,66,60,66,115,4,FALSE,190,0.13%,13730,1.31%,9285,1.44%
Gengar,94,FALSE,Ghost,Poison,500,60,65,60,130,75,110,1,FALSE,75,0.98%,30504,2.92%,19370,2.99%
Skiddo,672,TRUE,Grass,,350,66,65,48,62,57,52,6,FALSE,926,0.00%,89,0.01%,52,0.01%
Bruxish,779,FALSE,Water,Psychic,475,68,105,70,70,70,92,7,FALSE,380,0.02%,1680,0.16%,962,0.15%
AmpharosMega,181,FALSE,Electric,Dragon,610,90,95,105,165,110,45,2,FALSE,370,0.02%,5958,0.57%,3894,0.60%
Barboach,339,TRUE,Water,Ground,288,50,48,43,46,41,60,3,FALSE,578,0.00%,147,0.01%,111,0.02%
Metagross,376,FALSE,Steel,Psychic,600,80,135,130,95,90,70,3,FALSE,200,0.12%,14798,1.41%,9396,1.45%
Durant,632,FALSE,Bug,Steel,484,58,109,112,48,48,109,5,FALSE,171,0.17%,10103,0.97%,6769,1.05%
Milotic,350,FALSE,Water,,540,95,60,79,100,125,81,3,FALSE,204,0.11%,16386,1.57%,10355,1.60%
Mimikyu,778,FALSE,Ghost,Fairy,476,55,90,80,50,105,96,7,FALSE,60,1.30%,53713,5.13%,34400,5.32%
GrimerAlola,88,TRUE,Poison,Dark,325,80,80,50,40,50,25,7,FALSE,902,0.00%,48,0.01%,38,0.01%
Trumbeak,732,TRUE,Normal,Flying,355,55,85,50,40,50,75,7,FALSE,749,0.00%,103,0.01%,69,0.01%
Tapu Koko,785,FALSE,Electric,Fairy,570,70,115,85,95,75,130,7,TRUE,83,0.84%,25654,2.45%,17281,2.67%
RotomWash,479,FALSE,Electric,Water,520,50,65,107,105,107,86,4,FALSE,106,0.45%,17380,1.66%,11391,1.76%
Corsola,222,FALSE,Water,Rock,380,55,55,85,65,85,35,2,FALSE,542,0.00%,681,0.07%,483,0.08%
Cutiefly,742,TRUE,Bug,Fairy,304,40,45,40,55,40,84,7,FALSE,643,0.00%,195,0.02%,155,0.02%
Makuhita,296,TRUE,Fighting,,237,72,60,30,20,30,25,3,FALSE,930,0.00%,38,0.00%,28,0.00%
Shroomish,285,TRUE,Grass,,295,60,40,60,40,60,35,3,FALSE,905,0.00%,119,0.01%,64,0.01%
Ariados,168,FALSE,Bug,Poison,390,70,90,70,60,60,40,2,FALSE,319,0.04%,4169,0.40%,3555,0.55%
Snorunt,361,TRUE,Ice,,300,50,50,50,50,50,50,3,FALSE,567,0.00%,113,0.01%,95,0.02%
Dragonite,149,FALSE,Dragon,Flying,600,91,134,95,100,100,80,1,FALSE,77,0.93%,38072,3.64%,23141,3.58%
Krabby,98,TRUE,Water,,325,30,105,90,25,25,50,1,FALSE,918,0.00%,187,0.02%,88,0.01%
Noibat,714,TRUE,Flying,Dragon,245,40,30,35,45,40,55,6,FALSE,911,0.00%,70,0.01%,51,0.01%
Gible,443,TRUE,Dragon,Ground,300,58,70,45,40,45,42,4,FALSE,814,0.00%,134,0.01%,93,0.01%
Surskit,283,TRUE,Bug,Water,269,40,30,32,50,52,65,3,FALSE,837,0.00%,250,0.02%,180,0.03%
Altaria,334,FALSE,Dragon,Flying,490,75,70,90,70,105,80,3,FALSE,490,0.01%,2485,0.24%,1580,0.24%
Petilil,548,TRUE,Grass,,280,45,35,50,70,50,30,5,FALSE,896,0.00%,30,0.00%,23,0.00%
SilvallyDragon,773,FALSE,Dragon,,570,95,95,95,95,95,95,7,TRUE,557,0.00%,716,0.07%,466,0.07%
Pansage,511,TRUE,Grass,,316,50,53,48,53,48,64,5,FALSE,940,0.00%,86,0.01%,50,0.01%
NinetalesAlola,38,FALSE,Ice,Fairy,505,73,67,75,81,100,109,7,FALSE,153,0.21%,22462,2.15%,14788,2.29%
Typhlosion,157,FALSE,Fire,,534,78,84,78,109,85,100,2,FALSE,240,0.07%,8602,0.82%,5551,0.86%
Noctowl,164,FALSE,Normal,Flying,442,100,50,50,76,96,70,2,FALSE,582,0.00%,2208,0.21%,1508,0.23%
Seedot,273,TRUE,Grass,,220,40,40,50,30,30,30,3,FALSE,605,0.00%,57,0.01%,28,0.00%
Sharpedo,319,FALSE,Water,Dark,460,70,120,40,95,40,95,3,FALSE,318,0.04%,4500,0.43%,2549,0.39%
Seaking,119,FALSE,Water,,450,80,92,65,65,80,68,1,FALSE,661,0.00%,721,0.07%,498,0.08%
Spinarak,167,TRUE,Bug,Poison,250,40,60,40,40,40,30,2,FALSE,726,0.00%,397,0.04%,347,0.05%
Manaphy,490,FALSE,Water,,600,100,100,100,100,100,100,4,FALSE,260,0.06%,7514,0.72%,4533,0.70%
Klinklang,601,FALSE,Steel,,520,60,100,115,70,85,90,5,FALSE,262,0.06%,3072,0.29%,1916,0.30%
Xerneas,716,FALSE,Fairy,,680,126,131,95,131,98,99,6,TRUE,8,22.90%,86352,8.25%,52226,8.07%
Ferroseed,597,TRUE,Grass,Steel,305,44,50,91,24,86,10,5,FALSE,543,0.00%,503,0.05%,400,0.06%
Tynamo,602,TRUE,Electric,,275,35,55,40,45,40,60,5,FALSE,903,0.00%,100,0.01%,50,0.01%
Magmortar,467,FALSE,Fire,,540,75,95,67,125,95,83,4,FALSE,364,0.02%,5440,0.52%,3594,0.56%
Wynaut,360,TRUE,Psychic,,260,95,23,48,23,48,23,3,FALSE,636,0.00%,638,0.06%,455,0.07%
Houndour,228,TRUE,Dark,Fire,330,45,60,30,80,50,65,2,FALSE,719,0.00%,67,0.01%,52,0.01%
CharizardMegaX,6,FALSE,Fire,Dragon,634,78,130,111,130,85,100,1,FALSE,141,0.26%,40181,3.84%,26501,4.10%
LandorusTherian,645,FALSE,Ground,Flying,600,89,145,90,105,80,91,5,TRUE,67,1.17%,19036,1.82%,13247,2.05%
GiratinaAltered,487,FALSE,Ghost,Dragon,680,150,100,120,100,120,90,4,TRUE,39,2.42%,7589,0.73%,4866,0.75%
Latias,380,FALSE,Dragon,Psychic,600,80,80,90,110,130,110,3,TRUE,233,0.07%,3901,0.37%,2282,0.35%
Whirlipede,544,TRUE,Bug,Poison,360,40,55,99,40,79,47,5,FALSE,675,0.00%,471,0.05%,385,0.06%
Doublade,680,TRUE,Steel,Ghost,448,59,110,150,45,49,35,6,FALSE,412,0.02%,2557,0.24%,1726,0.27%
Steenee,762,TRUE,Grass,,290,52,40,48,40,48,62,7,FALSE,925,0.00%,51,0.01%,36,0.01%
Tyranitar,248,FALSE,Rock,Dark,600,100,134,110,95,100,61,2,FALSE,38,2.43%,24049,2.30%,16254,2.51%
Chatot,441,FALSE,Normal,Flying,411,76,65,45,92,42,91,4,FALSE,327,0.03%,3928,0.38%,2303,0.36%
Swirlix,684,TRUE,Fairy,,341,62,48,66,59,57,49,6,FALSE,458,0.01%,351,0.03%,281,0.04%
Diancie,719,FALSE,Rock,Fairy,600,50,100,150,100,150,50,6,TRUE,409,0.02%,1439,0.14%,937,0.15%
Lycanroc,745,FALSE,Rock,,487,75,115,65,55,65,112,7,FALSE,275,0.05%,5239,0.50%,3822,0.59%
Grimer,88,TRUE,Poison,,325,80,80,50,40,50,25,1,FALSE,716,0.00%,89,0.01%,63,0.01%
Mew,151,FALSE,Psychic,,600,100,100,100,100,100,100,1,FALSE,107,0.45%,35093,3.35%,18702,2.89%
ShayminLand,492,FALSE,Grass,,600,100,100,100,100,100,100,4,TRUE,501,0.01%,1305,0.13%,789,0.12%
Weepinbell,70,TRUE,Grass,Poison,390,65,90,50,85,45,55,1,FALSE,654,0.00%,127,0.01%,65,0.01%
Krookodile,553,FALSE,Ground,Dark,519,95,117,80,65,70,92,5,FALSE,96,0.56%,17106,1.63%,10638,1.64%
ArceusFlying,493,FALSE,Flying,,720,120,120,120,120,120,120,4,TRUE,49,1.71%,3080,0.29%,1859,0.29%
Empoleon,395,FALSE,Water,Steel,530,84,86,88,111,101,60,4,FALSE,243,0.06%,11611,1.11%,7828,1.21%
Ribombee,743,FALSE,Bug,Fairy,464,60,55,60,95,70,124,7,FALSE,206,0.11%,9038,0.86%,5895,0.91%
Primeape,57,FALSE,Fighting,,455,65,105,60,60,70,95,1,FALSE,534,0.00%,2817,0.27%,1893,0.29%
Unfezant,521,FALSE,Normal,Flying,488,80,115,80,65,55,93,5,FALSE,535,0.00%,2013,0.19%,1359,0.21%
Komala,775,FALSE,Normal,,480,65,115,65,75,95,65,7,FALSE,307,0.04%,5897,0.56%,3132,0.48%
Jirachi,385,FALSE,Steel,Psychic,600,100,100,100,100,100,100,3,TRUE,103,0.50%,15228,1.46%,8883,1.37%
Lucario,448,FALSE,Fighting,Steel,525,70,110,70,115,70,90,4,FALSE,218,0.09%,13605,1.30%,8655,1.34%
ThundurusIncarnate,642,FALSE,Electric,Flying,580,79,115,70,125,80,111,5,TRUE,95,0.60%,4127,0.39%,2839,0.44%
Regirock,377,FALSE,Rock,,580,80,100,200,50,100,50,3,TRUE,384,0.02%,2565,0.25%,1432,0.22%
Buzzwole,794,FALSE,Bug,Fighting,570,107,139,139,53,53,79,7,TRUE,138,0.27%,9193,0.88%,5477,0.85%
BanetteMega,354,FALSE,Ghost,,555,64,165,75,93,83,75,3,FALSE,177,0.16%,6251,0.60%,3961,0.61%
Jigglypuff,39,TRUE,Normal,Fairy,270,115,45,20,45,25,20,1,FALSE,616,0.00%,782,0.08%,482,0.08%
Donphan,232,FALSE,Ground,,500,90,120,120,60,60,50,2,FALSE,242,0.06%,5307,0.51%,3888,0.60%
Cobalion,638,FALSE,Steel,Fighting,580,91,90,129,90,72,108,5,TRUE,432,0.01%,2255,0.22%,1501,0.23%
Golbat,42,TRUE,Poison,Flying,455,75,80,70,65,75,90,1,FALSE,634,0.00%,650,0.06%,407,0.06%
Snorlax,143,FALSE,Normal,,540,160,110,65,65,110,30,1,FALSE,134,0.28%,34087,3.26%,20117,3.11%
AudinoMega,531,FALSE,Normal,Fairy,545,103,60,126,80,126,50,5,FALSE,455,0.01%,2115,0.20%,1274,0.20%
Nidoqueen,31,FALSE,Poison,Ground,505,90,92,87,75,85,76,1,FALSE,394,0.02%,3887,0.37%,2776,0.43%
MeowthAlola,52,TRUE,Dark,,290,40,35,35,50,40,90,7,FALSE,834,0.00%,193,0.02%,115,0.02%
RayquazaMega,384,FALSE,Dragon,Flying,780,105,180,100,180,100,115,3,TRUE,1,58.98%,182793,17.47%,111185,17.19%
Dhelmise,781,FALSE,Ghost,Grass,517,70,131,100,86,90,40,7,FALSE,341,0.03%,3888,0.37%,2419,0.37%
Spheal,363,TRUE,Ice,Water,290,70,40,50,55,50,25,3,FALSE,933,0.00%,129,0.01%,65,0.01%
Frillish,592,TRUE,Water,Ghost,335,55,40,50,65,85,40,5,FALSE,874,0.00%,243,0.02%,145,0.02%
GeodudeAlola,74,TRUE,Rock,Electric,300,40,80,100,30,30,20,7,FALSE,613,0.00%,92,0.01%,59,0.01%
Lurantis,754,FALSE,Grass,,480,70,105,90,80,90,45,7,FALSE,448,0.01%,3713,0.36%,2196,0.34%
Shedinja,292,FALSE,Bug,Ghost,236,1,90,45,30,30,40,3,FALSE,120,0.33%,16648,1.59%,9168,1.42%
Venonat,48,TRUE,Bug,Poison,305,60,55,50,40,55,45,1,FALSE,820,0.00%,201,0.02%,148,0.02%
Araquanid,752,FALSE,Water,Bug,454,68,70,92,50,132,42,7,FALSE,225,0.08%,6350,0.61%,4370,0.68%
Vivillon,666,FALSE,Bug,Flying,411,80,52,50,90,50,89,6,FALSE,46,1.87%,7168,0.69%,3978,0.62%
Binacle,688,TRUE,Rock,Water,306,42,52,67,39,56,50,6,FALSE,897,0.00%,61,0.01%,52,0.01%
Celesteela,797,FALSE,Steel,Flying,570,97,101,103,107,101,61,7,TRUE,24,5.19%,22855,2.18%,15337,2.37%
Amoonguss,591,FALSE,Grass,Poison,464,114,85,70,85,80,30,5,FALSE,136,0.28%,7288,0.70%,4536,0.70%
Plusle,311,FALSE,Electric,,405,60,50,40,85,75,95,3,FALSE,594,0.00%,727,0.07%,465,0.07%
Mareep,179,TRUE,Electric,,280,55,40,40,65,45,35,2,FALSE,900,0.00%,62,0.01%,39,0.01%
Miltank,241,FALSE,Normal,,490,95,80,105,40,70,100,2,FALSE,317,0.04%,4676,0.45%,2764,0.43%
Grubbin,736,TRUE,Bug,,300,47,62,45,55,45,46,7,FALSE,850,0.00%,24,0.00%,15,0.00%
VenusaurMega,3,FALSE,Grass,Poison,625,80,100,123,122,120,80,1,FALSE,139,0.27%,18883,1.80%,11891,1.84%
Sawk,539,FALSE,Fighting,,465,75,125,75,30,75,85,5,FALSE,291,0.05%,8631,0.83%,4382,0.68%
Chinchou,170,TRUE,Water,Electric,330,75,38,38,56,56,67,2,FALSE,796,0.00%,47,0.00%,23,0.00%
Mankey,56,TRUE,Fighting,,305,40,80,35,35,45,70,1,FALSE,827,0.00%,486,0.05%,303,0.05%
Drampa,780,FALSE,Normal,Dragon,485,78,60,85,135,91,36,7,FALSE,376,0.02%,2730,0.26%,1679,0.26%
Crustle,558,FALSE,Bug,Rock,475,70,95,125,65,75,45,5,FALSE,468,0.01%,2115,0.20%,1352,0.21%
Nosepass,299,TRUE,Rock,,375,30,45,135,45,90,30,3,FALSE,227,0.08%,6480,0.62%,3349,0.52%
Alakazam,65,FALSE,Psychic,,500,55,50,45,135,95,120,1,FALSE,165,0.19%,12912,1.23%,7830,1.21%
Burmy,412,TRUE,Bug,,224,40,29,45,29,45,36,4,FALSE,948,0.00%,30,0.00%,19,0.00%
SteelixMega,208,FALSE,Steel,Ground,610,75,125,230,55,95,30,2,FALSE,405,0.02%,5876,0.56%,3937,0.61%
Fomantis,753,FALSE,Grass,,250,40,55,35,50,35,35,7,FALSE,946,0.00%,42,0.00%,23,0.00%
Fearow,22,FALSE,Normal,Flying,442,65,90,65,61,61,100,1,FALSE,579,0.00%,1206,0.12%,782,0.12%
ArceusElectric,493,FALSE,Electric,,720,120,120,120,120,120,120,4,TRUE,73,1.12%,5954,0.57%,3750,0.58%
Toxapex,748,FALSE,Poison,Water,495,50,63,152,53,142,35,7,FALSE,42,2.28%,36632,3.50%,24620,3.81%
Magcargo,219,FALSE,Fire,Rock,410,50,50,120,80,80,30,2,FALSE,590,0.00%,1556,0.15%,951,0.15%
Crabrawler,739,TRUE,Fighting,,338,47,82,57,42,47,63,7,FALSE,855,0.00%,238,0.02%,156,0.02%
Floette,670,TRUE,Fairy,,371,54,45,47,75,98,52,6,FALSE,916,0.00%,170,0.02%,120,0.02%
Timburr,532,TRUE,Fighting,,305,75,80,55,25,35,35,5,FALSE,919,0.00%,19,0.00%,14,0.00%
Magikarp,129,TRUE,Water,,200,20,10,55,15,20,80,1,FALSE,395,0.02%,7620,0.73%,2778,0.43%
Machop,66,TRUE,Fighting,,305,70,80,50,35,35,35,1,FALSE,806,0.00%,122,0.01%,94,0.02%
Tropius,357,FALSE,Grass,Flying,460,99,68,83,72,87,51,3,FALSE,506,0.01%,2746,0.26%,1615,0.25%
Electrode,101,FALSE,Electric,,480,60,50,70,80,80,140,1,FALSE,449,0.01%,4557,0.44%,2627,0.41%
Baltoy,343,TRUE,Ground,Psychic,300,40,40,55,40,70,55,3,FALSE,877,0.00%,63,0.01%,46,0.01%
Cherubi,420,TRUE,Grass,,275,45,35,45,62,53,35,4,FALSE,768,0.00%,147,0.01%,101,0.02%
Marill,183,TRUE,Water,Fairy,250,70,20,50,20,50,40,2,FALSE,810,0.00%,197,0.02%,149,0.02%
Hoothoot,163,TRUE,Normal,Flying,262,60,30,30,36,56,50,2,FALSE,785,0.00%,50,0.01%,39,0.01%
Vikavolt,738,FALSE,Bug,Electric,500,77,70,90,145,75,43,7,FALSE,334,0.03%,5416,0.52%,3445,0.53%
Natu,177,TRUE,Psychic,Flying,320,40,50,45,70,45,70,2,FALSE,721,0.00%,269,0.03%,160,0.03%
Hypno,97,FALSE,Psychic,,483,85,73,70,73,115,67,1,FALSE,504,0.01%,1825,0.17%,1126,0.17%
Cradily,346,FALSE,Rock,Grass,495,86,81,97,81,107,43,3,FALSE,397,0.02%,3442,0.33%,2141,0.33%
ArceusPoison,493,FALSE,Poison,,720,120,120,120,120,120,120,4,TRUE,21,5.92%,7634,0.73%,5131,0.79%
Terrakion,639,FALSE,Rock,Fighting,580,91,129,90,72,90,108,5,TRUE,182,0.15%,2729,0.26%,1792,0.28%
Lilligant,549,FALSE,Grass,,480,70,60,75,110,75,90,5,FALSE,382,0.02%,4907,0.47%,2679,0.41%
PumpkabooSmall,710,TRUE,Ghost,Grass,335,44,66,70,44,55,56,6,FALSE,951,0.00%,4,0.00%,4,0.00%
Alomomola,594,FALSE,Water,,470,165,75,80,40,45,65,5,FALSE,173,0.17%,2915,0.28%,1818,0.28%
Gulpin,316,TRUE,Poison,,302,70,43,53,43,53,40,3,FALSE,851,0.00%,38,0.00%,27,0.00%
Pikipek,731,TRUE,Normal,Flying,265,35,75,30,30,30,65,7,FALSE,863,0.00%,60,0.01%,49,0.01%
Whimsicott,547,FALSE,Grass,Fairy,480,60,67,85,77,75,116,5,FALSE,56,1.40%,15753,1.51%,10290,1.59%
Snover,459,TRUE,Grass,Ice,334,60,62,50,62,60,40,4,FALSE,866,0.00%,92,0.01%,54,0.01%
Sliggoo,705,TRUE,Dragon,,452,68,75,53,83,113,60,6,FALSE,704,0.00%,254,0.02%,169,0.03%
Slurpuff,685,FALSE,Fairy,,480,82,80,86,85,75,72,6,FALSE,81,0.87%,8872,0.85%,5610,0.87%
Bonsly,438,TRUE,Rock,,290,50,80,95,10,45,10,4,FALSE,733,0.00%,145,0.01%,93,0.01%
Lumineon,457,FALSE,Water,,460,69,69,76,69,86,91,4,FALSE,655,0.00%,420,0.04%,292,0.05%
LandorusIncarnate,645,FALSE,Ground,Flying,600,89,125,90,115,80,101,5,TRUE,122,0.32%,5936,0.57%,3822,0.59%
Skrelp,690,TRUE,Poison,Water,320,50,60,60,60,60,30,6,FALSE,794,0.00%,60,0.01%,46,0.01%
Meditite,307,TRUE,Fighting,Psychic,280,30,40,55,40,55,60,3,FALSE,898,0.00%,183,0.02%,123,0.02%
Leafeon,470,FALSE,Grass,,525,65,110,130,60,65,95,4,FALSE,386,0.02%,4769,0.46%,2925,0.45%
Weedle,13,TRUE,Bug,Poison,195,40,35,30,20,20,50,1,FALSE,499,0.01%,507,0.05%,256,0.04%
Mareanie,747,TRUE,Poison,Water,305,50,53,62,43,52,45,7,FALSE,762,0.00%,192,0.02%,154,0.02%
Magnezone,462,FALSE,Electric,Steel,535,70,70,115,130,90,60,4,FALSE,157,0.21%,15445,1.48%,9951,1.54%
Cryogonal,615,FALSE,Ice,,485,70,50,30,95,135,105,5,FALSE,360,0.03%,2506,0.24%,1563,0.24%
SilvallyFighting,773,FALSE,Fighting,,570,95,95,95,95,95,95,7,TRUE,709,0.00%,135,0.01%,94,0.02%
Gothorita,575,TRUE,Psychic,,390,60,45,70,75,85,55,5,FALSE,396,0.02%,425,0.04%,273,0.04%
Crawdaunt,342,FALSE,Water,Dark,468,63,120,85,90,55,55,3,FALSE,316,0.04%,6497,0.62%,4246,0.66%
Kyogre,382,FALSE,Water,,670,100,100,90,150,140,90,3,TRUE,36,3.23%,9932,0.95%,6358,0.98%
Elgyem,605,TRUE,Psychic,,335,55,55,55,85,55,30,5,FALSE,914,0.00%,82,0.01%,45,0.01%
Larvesta,636,TRUE,Bug,Fire,360,55,85,55,50,55,60,5,FALSE,873,0.00%,26,0.00%,21,0.00%
Audino,531,FALSE,Normal,,445,103,60,86,60,86,50,5,FALSE,563,0.00%,982,0.09%,596,0.09%
Beedrill,15,FALSE,Bug,Poison,395,65,90,40,45,80,75,1,FALSE,619,0.00%,1456,0.14%,823,0.13%
Sigilyph,561,FALSE,Psychic,Flying,490,72,58,80,103,80,97,5,FALSE,258,0.06%,9710,0.93%,5444,0.84%
Garchomp,445,FALSE,Dragon,Ground,600,108,130,95,80,85,102,4,FALSE,97,0.56%,47837,4.57%,30417,4.70%
LycanrocMidnight,745,FALSE,Rock,,487,85,115,75,55,75,82,7,FALSE,301,0.04%,5683,0.54%,3827,0.59%
Shellos,422,TRUE,Water,,325,76,48,48,57,62,34,4,FALSE,815,0.00%,97,0.01%,66,0.01%
Dugtrio,51,FALSE,Ground,,425,35,100,50,50,70,120,1,FALSE,82,0.86%,13726,1.31%,9323,1.44%
Sandile,551,TRUE,Ground,Dark,292,50,72,35,35,35,65,5,FALSE,554,0.00%,88,0.01%,64,0.01%
Treecko,252,TRUE,Grass,,310,40,45,35,65,55,70,3,FALSE,610,0.00%,648,0.06%,396,0.06%
Venipede,543,TRUE,Bug,Poison,260,30,45,59,30,39,57,5,FALSE,836,0.00%,83,0.01%,55,0.01%
Kricketot,401,TRUE,Bug,,194,37,25,41,25,41,25,4,FALSE,870,0.00%,56,0.01%,45,0.01%
Dewott,502,TRUE,Water,,413,75,75,60,83,60,60,5,FALSE,711,0.00%,279,0.03%,183,0.03%
Zubat,41,TRUE,Poison,Flying,245,40,45,35,30,40,55,1,FALSE,584,0.00%,420,0.04%,240,0.04%
Axew,610,TRUE,Dragon,,320,46,87,60,30,40,57,5,FALSE,764,0.00%,301,0.03%,221,0.03%
Quagsire,195,FALSE,Water,Ground,430,95,85,85,65,65,35,2,FALSE,110,0.41%,7387,0.71%,4680,0.72%
Shiinotic,756,FALSE,Grass,Fairy,405,60,45,80,90,100,30,7,FALSE,462,0.01%,3740,0.36%,2290,0.35%
Greninja,658,FALSE,Water,Dark,530,72,95,67,103,71,122,6,FALSE,44,2.15%,44007,4.21%,27609,4.27%
AbsolMega,359,FALSE,Dark,,565,65,150,60,115,60,115,3,FALSE,229,0.08%,8601,0.82%,5676,0.88%
Blacephalon,806,FALSE,Fire,Ghost,570,53,127,53,151,79,107,7,TRUE,105,0.46%,15931,1.52%,9660,1.49%
Lotad,270,TRUE,Water,Grass,220,40,30,30,40,50,30,3,FALSE,793,0.00%,109,0.01%,50,0.01%
Emboar,500,FALSE,Fire,Fighting,528,110,123,65,100,65,65,5,FALSE,344,0.03%,4731,0.45%,3065,0.47%
Porygon,137,TRUE,Normal,,395,65,60,70,85,75,40,1,FALSE,710,0.00%,392,0.04%,270,0.04%
Dewpider,751,TRUE,Water,Bug,269,38,40,52,40,72,27,7,FALSE,611,0.00%,295,0.03%,254,0.04%
Bergmite,712,TRUE,Ice,,304,55,69,85,32,35,28,6,FALSE,779,0.00%,39,0.00%,24,0.00%
Eevee,133,TRUE,Normal,,325,55,55,50,45,65,55,1,FALSE,50,1.58%,46509,4.44%,36946,5.71%
Yveltal,717,FALSE,Dark,Flying,680,126,131,95,131,98,99,6,TRUE,5,31.97%,51134,4.89%,35382,5.47%
Gyarados,130,FALSE,Water,Flying,540,95,125,79,60,100,81,1,FALSE,168,0.18%,15365,1.47%,10127,1.57%
Manectric,310,FALSE,Electric,,475,70,75,60,105,60,105,3,FALSE,510,0.01%,2013,0.19%,1335,0.21%
Azumarill,184,FALSE,Water,Fairy,420,100,50,80,60,80,50,2,FALSE,160,0.20%,16300,1.56%,10554,1.63%
Mamoswine,473,FALSE,Ice,Ground,530,110,130,80,70,60,80,4,FALSE,108,0.44%,15316,1.46%,7866,1.22%
Goomy,704,TRUE,Dragon,,300,45,50,35,55,75,40,6,FALSE,885,0.00%,95,0.01%,68,0.01%
Lapras,131,FALSE,Water,Ice,535,130,85,80,85,95,60,1,FALSE,265,0.06%,12075,1.15%,7752,1.20%
Cottonee,546,TRUE,Grass,Fairy,280,40,27,60,37,50,66,5,FALSE,176,0.16%,5462,0.52%,3284,0.51%
Eelektrik,603,TRUE,Electric,,405,65,85,70,75,70,40,5,FALSE,732,0.00%,106,0.01%,75,0.01%
Golurk,623,FALSE,Ground,Ghost,483,89,124,80,55,80,55,5,FALSE,392,0.02%,4200,0.40%,2849,0.44%
Cresselia,488,FALSE,Psychic,,600,120,70,120,75,130,85,4,FALSE,164,0.19%,5476,0.52%,3137,0.49%
Croconaw,159,TRUE,Water,,405,65,80,80,59,63,58,2,FALSE,889,0.00%,82,0.01%,57,0.01%
Lickitung,108,TRUE,Normal,,385,90,55,75,60,75,30,1,FALSE,646,0.00%,332,0.03%,198,0.03%
Drowzee,96,TRUE,Psychic,,328,60,48,45,43,90,42,1,FALSE,812,0.00%,125,0.01%,58,0.01%
ExeggutorAlola,103,FALSE,Grass,Dragon,530,95,105,85,125,75,45,7,FALSE,487,0.01%,3303,0.32%,1919,0.30%
DeoxysSpeed,386,FALSE,Psychic,,600,50,95,90,95,90,180,3,TRUE,23,5.66%,19440,1.86%,15685,2.43%
Beartic,614,FALSE,Ice,,485,95,110,80,70,80,50,5,FALSE,521,0.01%,1537,0.15%,992,0.15%
Houndoom,229,FALSE,Dark,Fire,500,75,90,50,110,80,95,2,FALSE,424,0.01%,3669,0.35%,2476,0.38%
HoundoomMega,229,FALSE,Dark,Fire,600,75,90,90,140,90,115,2,FALSE,287,0.05%,6804,0.65%,4507,0.70%
Barbaracle,689,FALSE,Rock,Water,500,72,105,115,54,86,68,6,FALSE,283,0.05%,2535,0.24%,1582,0.25%
Togetic,176,TRUE,Fairy,Flying,405,55,40,85,80,105,40,2,FALSE,465,0.01%,1118,0.11%,649,0.10%
Herdier,507,TRUE,Normal,,370,65,80,65,35,65,60,5,FALSE,799,0.00%,128,0.01%,89,0.01%
Mandibuzz,630,FALSE,Dark,Flying,510,110,65,105,55,95,80,5,FALSE,211,0.10%,6521,0.62%,4142,0.64%
Vigoroth,288,TRUE,Normal,,440,80,80,80,55,55,90,3,FALSE,662,0.00%,539,0.05%,360,0.06%
Florges,671,FALSE,Fairy,,552,78,65,68,112,154,75,6,FALSE,271,0.05%,6260,0.60%,3666,0.57%
Volcanion,721,FALSE,Fire,Water,600,80,110,120,130,90,70,6,TRUE,217,0.09%,7332,0.70%,4902,0.76%
Lillipup,506,TRUE,Normal,,275,45,60,45,25,45,55,5,FALSE,805,0.00%,88,0.01%,46,0.01%
Pangoro,675,FALSE,Fighting,Dark,495,95,124,78,69,71,58,6,FALSE,438,0.01%,3308,0.32%,2244,0.35%
Meganium,154,FALSE,Grass,,525,80,82,100,83,100,80,2,FALSE,476,0.01%,3314,0.32%,2031,0.31%
BlastoiseMega,9,FALSE,Water,,630,79,103,120,135,115,78,1,FALSE,256,0.06%,11296,1.08%,7368,1.14%
KyogrePrimal,382,FALSE,Water,,770,100,150,90,180,160,90,3,TRUE,10,14.52%,92191,8.81%,56981,8.81%
Zangoose,335,FALSE,Normal,,458,73,115,60,60,60,90,3,FALSE,367,0.02%,3704,0.35%,2278,0.35%
Virizion,640,FALSE,Grass,Fighting,580,91,90,72,90,129,108,5,TRUE,413,0.02%,2041,0.20%,1333,0.21%
Froslass,478,FALSE,Ice,Ghost,480,70,80,70,80,70,110,4,FALSE,273,0.05%,7171,0.69%,5121,0.79%
Parasect,47,FALSE,Bug,Grass,405,60,95,80,60,80,30,1,FALSE,562,0.00%,1248,0.12%,742,0.12%
Bunnelby,659,TRUE,Normal,,237,38,36,38,32,36,57,6,FALSE,678,0.00%,286,0.03%,147,0.02%
Rapidash,78,FALSE,Fire,,500,65,100,70,80,80,105,1,FALSE,437,0.01%,3354,0.32%,2087,0.32%
Poliwhirl,61,TRUE,Water,,385,65,65,65,50,50,90,1,FALSE,843,0.00%,327,0.03%,144,0.02%
Pinsir,127,FALSE,Bug,,500,65,125,100,55,70,85,1,FALSE,440,0.01%,1028,0.10%,599,0.09%
Golisopod,768,FALSE,Bug,Water,530,75,125,140,60,90,40,7,FALSE,264,0.06%,7889,0.75%,5332,0.82%
Morelull,755,TRUE,Grass,Fairy,285,40,35,55,65,75,15,7,FALSE,842,0.00%,75,0.01%,46,0.01%
Vanilluxe,584,FALSE,Ice,,535,71,95,85,110,95,79,5,FALSE,421,0.01%,1806,0.17%,1136,0.18%
Purrloin,509,TRUE,Dark,,281,41,50,37,50,37,66,5,FALSE,549,0.00%,452,0.04%,319,0.05%
Lileep,345,TRUE,Rock,Grass,355,66,41,77,61,87,23,3,FALSE,676,0.00%,141,0.01%,95,0.02%
WormadamPlant,413,FALSE,Bug,Grass,424,60,59,85,79,105,36,4,FALSE,882,0.00%,160,0.02%,89,0.01%
Flabebe,669,TRUE,Fairy,,303,44,38,39,61,79,42,6,FALSE,950,0.00%,36,0.00%,24,0.00%
Hippopotas,449,TRUE,Ground,,330,68,72,78,38,42,32,4,FALSE,588,0.00%,833,0.08%,529,0.08%
Wartortle,8,TRUE,Water,,405,59,63,80,65,80,58,1,FALSE,561,0.00%,704,0.07%,439,0.07%
Azurill,298,TRUE,Normal,Fairy,190,50,20,40,20,40,20,3,FALSE,647,0.00%,176,0.02%,94,0.02%
Smoochum,238,TRUE,Ice,Psychic,305,45,30,15,85,65,65,2,FALSE,884,0.00%,66,0.01%,50,0.01%
Venomoth,49,FALSE,Bug,Poison,450,70,65,60,90,75,90,1,FALSE,342,0.03%,3119,0.30%,2117,0.33%
Naganadel,804,FALSE,Poison,Dragon,540,73,73,73,127,73,121,7,TRUE,63,1.25%,25467,2.43%,15458,2.39%
KyuremBlack,646,FALSE,Dragon,Ice,700,125,170,100,120,90,95,5,TRUE,162,0.19%,12989,1.24%,7956,1.23%
Scatterbug,664,TRUE,Bug,,200,38,35,40,27,25,35,6,FALSE,941,0.00%,33,0.00%,29,0.00%
Carnivine,455,FALSE,Grass,,454,74,100,72,90,72,46,4,FALSE,718,0.00%,522,0.05%,316,0.05%
Rowlet,722,TRUE,Grass,Flying,320,68,55,55,50,50,42,7,FALSE,615,0.00%,341,0.03%,215,0.03%
Igglybuff,174,TRUE,Normal,Fairy,210,90,30,15,40,20,15,2,FALSE,751,0.00%,78,0.01%,57,0.01%
Pyukumuku,771,FALSE,Water,,410,55,60,130,30,130,5,7,FALSE,129,0.30%,10593,1.01%,5487,0.85%
Ditto,132,FALSE,Normal,,288,48,48,48,48,48,48,1,FALSE,27,4.17%,47089,4.50%,16484,2.55%
Swanna,581,FALSE,Water,Flying,473,75,87,63,87,63,98,5,FALSE,633,0.00%,991,0.10%,648,0.10%
Braviary,628,FALSE,Normal,Flying,510,100,123,75,57,75,80,5,FALSE,442,0.01%,4008,0.38%,2620,0.41%
Koffing,109,TRUE,Poison,,340,40,65,95,60,45,35,1,FALSE,525,0.01%,291,0.03%,184,0.03%
ArceusFire,493,FALSE,Fire,,720,120,120,120,120,120,120,4,TRUE,72,1.13%,4487,0.43%,2845,0.44%
ArceusFighting,493,FALSE,Fighting,,720,120,120,120,120,120,120,4,TRUE,166,0.19%,2032,0.19%,1269,0.20%
Articuno,144,FALSE,Ice,Flying,580,90,85,100,95,125,85,1,TRUE,268,0.05%,8120,0.78%,4770,0.74%
Linoone,264,FALSE,Normal,,420,78,70,61,50,61,100,3,FALSE,279,0.05%,7106,0.68%,4204,0.65%
Litwick,607,TRUE,Ghost,Fire,275,50,30,55,65,55,20,5,FALSE,826,0.00%,133,0.01%,63,0.01%
Jynx,124,FALSE,Ice,Psychic,455,65,50,35,115,95,95,1,FALSE,541,0.00%,1724,0.17%,1116,0.17%
