tex,Name,Can_Evolve,Type 1,Type 2,Total,HP,Attack,Defense,Sp. Atk,Sp. Def,Speed,Generation,Legendary
1,Bulbasaur,TRUE,Grass,Poison,318,45,49,49,65,65,45,1,FALSE
2,Ivysaur,TRUE,Grass,Poison,405,60,62,63,80,80,60,1,FALSE
3,Venusaur,FALSE,Grass,Poison,525,80,82,83,100,100,80,1,FALSE
3,VenusaurMega,FALSE,Grass,Poison,625,80,100,123,122,120,80,1,FALSE
4,Charmander,TRUE,Fire,,309,39,52,43,60,50,65,1,FALSE
5,Charmeleon,TRUE,Fire,,405,58,64,58,80,65,80,1,FALSE
6,Charizard,FALSE,Fire,Flying,534,78,84,78,109,85,100,1,FALSE
6,CharizardMegaX,FALSE,Fire,Dragon,634,78,130,111,130,85,100,1,FALSE
6,CharizardMegaY,FALSE,Fire,Flying,634,78,104,78,159,115,100,1,FALSE
7,Squirtle,TRUE,Water,,314,44,48,65,50,64,43,1,FALSE
8,Wartortle,TRUE,Water,,405,59,63,80,65,80,58,1,FALSE
9,Blastoise,FALSE,Water,,530,79,83,100,85,105,78,1,FALSE
9,BlastoiseMega,FALSE,Water,,630,79,103,120,135,115,78,1,FALSE
10,Caterpie,TRUE,Bug,,195,45,30,35,20,20,45,1,FALSE
11,Metapod,TRUE,Bug,,205,50,20,55,25,25,30,1,FALSE
12,Butterfree,FALSE,Bug,Flying,395,60,45,50,90,80,70,1,FALSE
13,Weedle,TRUE,Bug,Poison,195,40,35,30,20,20,50,1,FALSE
14,Kakuna,TRUE,Bug,Poison,205,45,25,50,25,25,35,1,FALSE
15,Beedrill,FALSE,Bug,Poison,395,65,90,40,45,80,75,1,FALSE
15,BeedrillMega,FALSE,Bug,Poison,495,65,150,40,15,80,145,1,FALSE
16,Pidgey,TRUE,Normal,Flying,251,40,45,40,35,35,56,1,FALSE
17,Pidgeotto,TRUE,Normal,Flying,349,63,60,55,50,50,71,1,FALSE
18,Pidgeot,FALSE,Normal,Flying,479,83,80,75,70,70,101,1,FALSE
18,PidgeotMega,FALSE,Normal,Flying,579,83,80,80,135,80,121,1,FALSE
19,Rattata,TRUE,Normal,,253,30,56,35,25,35,72,1,FALSE
19,RattataAlola,TRUE,Dark,Normal,253,30,56,35,25,35,72,7,FALSE
20,Raticate,FALSE,Normal,,413,55,81,60,50,70,97,1,FALSE
20,RaticateAlola,FALSE,Dark,Normal,413,75,71,70,40,80,77,7,FALSE
21,Spearow,TRUE,Normal,Flying,262,40,60,30,31,31,70,1,FALSE
22,Fearow,FALSE,Normal,Flying,442,65,90,65,61,61,100,1,FALSE
23,Ekans,TRUE,Poison,,288,35,60,44,40,54,55,1,FALSE
24,Arbok,FALSE,Poison,,438,60,85,69,65,79,80,1,FALSE
25,Pikachu,TRUE,Electric,,320,35,55,40,50,50,90,1,FALSE
26,Raichu,FALSE,Electric,,485,60,90,55,90,80,110,1,FALSE
26,RaichuAlola,FALSE,Electric,Psychic,485,60,85,50,95,85,110,7,FALSE
27,Sandshrew,TRUE,Ground,,300,50,75,85,20,30,40,1,FALSE
27,SandshrewAlola,TRUE,Ice,Steel,300,50,75,90,10,35,40,7,FALSE
28,Sandslash,FALSE,Ground,,450,75,100,110,45,55,65,1,FALSE
28,SandslashAlola,FALSE,Ice,Steel,450,75,100,120,25,65,65,7,FALSE
29,NidoranF,TRUE,Poison,,275,55,47,52,40,40,41,1,FALSE
30,Nidorina,TRUE,Poison,,365,70,62,67,55,55,56,1,FALSE
31,Nidoqueen,FALSE,Poison,Ground,505,90,92,87,75,85,76,1,FALSE
32,NidoranM,TRUE,Poison,,273,46,57,40,40,40,50,1,FALSE
33,Nidorino,TRUE,Poison,,365,61,72,57,55,55,65,1,FALSE
34,Nidoking,FALSE,Poison,Ground,505,81,102,77,85,75,85,1,FALSE
35,Clefairy,TRUE,Fairy,,323,70,45,48,60,65,35,1,FALSE
36,Clefable,FALSE,Fairy,,483,95,70,73,95,90,60,1,FALSE
37,Vulpix,TRUE,Fire,,299,38,41,40,50,65,65,1,FALSE
37,VulpixAlola,TRUE,Ice,,299,38,41,40,50,65,65,7,FALSE
38,Ninetales,FALSE,Fire,,505,73,76,75,81,100,100,1,FALSE
38,NinetalesAlola,FALSE,Ice,Fairy,505,73,67,75,81,100,109,7,FALSE
39,Jigglypuff,TRUE,Normal,Fairy,270,115,45,20,45,25,20,1,FALSE
40,Wigglytuff,FALSE,Normal,Fairy,435,140,70,45,85,50,45,1,FALSE
41,Zubat,TRUE,Poison,Flying,245,40,45,35,30,40,55,1,FALSE
42,Golbat,TRUE,Poison,Flying,455,75,80,70,65,75,90,1,FALSE
43,Oddish,TRUE,Grass,Poison,320,45,50,55,75,65,30,1,FALSE
44,Gloom,TRUE,Grass,Poison,395,60,65,70,85,75,40,1,FALSE
45,Vileplume,FALSE,Grass,Poison,490,75,80,85,110,90,50,1,FALSE
46,Paras,TRUE,Bug,Grass,285,35,70,55,45,55,25,1,FALSE
47,Parasect,FALSE,Bug,Grass,405,60,95,80,60,80,30,1,FALSE
48,Venonat,TRUE,Bug,Poison,305,60,55,50,40,55,45,1,FALSE
49,Venomoth,FALSE,Bug,Poison,450,70,65,60,90,75,90,1,FALSE
50,Diglett,TRUE,Ground,,265,10,55,25,35,45,95,1,FALSE
50,DiglettAlola,TRUE,Ground,Steel,265,10,55,30,35,45,90,7,FALSE
51,Dugtrio,FALSE,Ground,,425,35,100,50,50,70,120,1,FALSE
51,DugtrioAlola,FALSE,Ground,Steel,425,35,100,60,50,70,110,7,FALSE
52,Meowth,TRUE,Normal,,290,40,45,35,40,40,90,1,FALSE
52,MeowthAlola,TRUE,Dark,,290,40,35,35,50,40,90,7,FALSE
53,Persian,FALSE,Normal,,440,65,70,60,65,65,115,1,FALSE
53,PersianAlola,FALSE,Dark,,440,65,60,60,75,65,115,7,FALSE
54,Psyduck,TRUE,Water,,320,50,52,48,65,50,55,1,FALSE
55,Golduck,FALSE,Water,,500,80,82,78,95,80,85,1,FALSE
56,Mankey,TRUE,Fighting,,305,40,80,35,35,45,70,1,FALSE
57,Primeape,FALSE,Fighting,,455,65,105,60,60,70,95,1,FALSE
58,Growlithe,TRUE,Fire,,350,55,70,45,70,50,60,1,FALSE
59,Arcanine,FALSE,Fire,,555,90,110,80,100,80,95,1,FALSE
60,Poliwag,TRUE,Water,,300,40,50,40,40,40,90,1,FALSE
61,Poliwhirl,TRUE,Water,,385,65,65,65,50,50,90,1,FALSE
62,Poliwrath,FALSE,Water,Fighting,510,90,95,95,70,90,70,1,FALSE
63,Abra,TRUE,Psychic,,310,25,20,15,105,55,90,1,FALSE
64,Kadabra,TRUE,Psychic,,400,40,35,30,120,70,105,1,FALSE
65,Alakazam,FALSE,Psychic,,500,55,50,45,135,95,120,1,FALSE
65,AlakazamMega,FALSE,Psychic,,590,55,50,65,175,95,150,1,FALSE
66,Machop,TRUE,Fighting,,305,70,80,50,35,35,35,1,FALSE
67,Machoke,TRUE,Fighting,,405,80,100,70,50,60,45,1,FALSE
68,Machamp,FALSE,Fighting,,505,90,130,80,65,85,55,1,FALSE
69,Bellsprout,TRUE,Grass,Poison,300,50,75,35,70,30,40,1,FALSE
70,Weepinbell,TRUE,Grass,Poison,390,65,90,50,85,45,55,1,FALSE
71,Victreebel,FALSE,Grass,Poison,490,80,105,65,100,70,70,1,FALSE
72,Tentacool,TRUE,Water,Poison,335,40,40,35,50,100,70,1,FALSE
73,Tentacruel,FALSE,Water,Poison,515,80,70,65,80,120,100,1,FALSE
74,Geodude,TRUE,Rock,Ground,300,40,80,100,30,30,20,1,FALSE
74,GeodudeAlola,TRUE,Rock,Electric,300,40,80,100,30,30,20,7,FALSE
75,Graveler,TRUE,Rock,Ground,390,55,95,115,45,45,35,1,FALSE
75,GravelerAlola,TRUE,Rock,Electric,390,55,95,115,45,45,35,7,FALSE
76,Golem,FALSE,Rock,Ground,495,80,120,130,55,65,45,1,FALSE
76,GolemAlola,FALSE,Rock,Electric,495,80,120,130,55,65,45,7,FALSE
77,Ponyta,TRUE,Fire,,410,50,85,55,65,65,90,1,FALSE
78,Rapidash,FALSE,Fire,,500,65,100,70,80,80,105,1,FALSE
79,Slowpoke,TRUE,Water,Psychic,315,90,65,65,40,40,15,1,FALSE
80,Slowbro,FALSE,Water,Psychic,490,95,75,110,100,80,30,1,FALSE
80,SlowbroMega,FALSE,Water,Psychic,590,95,75,180,130,80,30,1,FALSE
81,Magnemite,TRUE,Electric,Steel,325,25,35,70,95,55,45,1,FALSE
82,Magneton,TRUE,Electric,Steel,465,50,60,95,120,70,70,1,FALSE
83,Farfetch'd,FALSE,Normal,Flying,352,52,65,55,58,62,60,1,FALSE
84,Doduo,TRUE,Normal,Flying,310,35,85,45,35,35,75,1,FALSE
85,Dodrio,FALSE,Normal,Flying,460,60,110,70,60,60,100,1,FALSE
86,Seel,TRUE,Water,,325,65,45,55,45,70,45,1,FALSE
87,Dewgong,FALSE,Water,Ice,475,90,70,80,70,95,70,1,FALSE
88,Grimer,TRUE,Poison,,325,80,80,50,40,50,25,1,FALSE
88,GrimerAlola,TRUE,Poison,Dark,325,80,80,50,40,50,25,7,FALSE
89,Muk,FALSE,Poison,,500,105,105,75,65,100,50,1,FALSE
89,MukAlola,FALSE,Poison,Dark,500,105,105,75,65,100,50,7,FALSE
90,Shellder,TRUE,Water,,305,30,65,100,45,25,40,1,FALSE
91,Cloyster,FALSE,Water,Ice,525,50,95,180,85,45,70,1,FALSE
92,Gastly,TRUE,Ghost,Poison,310,30,35,30,100,35,80,1,FALSE
93,Haunter,TRUE,Ghost,Poison,405,45,50,45,115,55,95,1,FALSE
94,Gengar,FALSE,Ghost,Poison,500,60,65,60,130,75,110,1,FALSE
94,GengarMega,FALSE,Ghost,Poison,600,60,65,80,170,95,130,1,FALSE
95,Onix,TRUE,Rock,Ground,385,35,45,160,30,45,70,1,FALSE
96,Drowzee,TRUE,Psychic,,328,60,48,45,43,90,42,1,FALSE
97,Hypno,FALSE,Psychic,,483,85,73,70,73,115,67,1,FALSE
98,Krabby,TRUE,Water,,325,30,105,90,25,25,50,1,FALSE
99,Kingler,FALSE,Water,,475,55,130,115,50,50,75,1,FALSE
100,Voltorb,TRUE,Electric,,330,40,30,50,55,55,100,1,FALSE
101,Electrode,FALSE,Electric,,480,60,50,70,80,80,140,1,FALSE
102,Exeggcute,TRUE,Grass,Psychic,325,60,40,80,60,45,40,1,FALSE
103,Exeggutor,FALSE,Grass,Psychic,530,95,95,85,125,75,55,1,FALSE
103,ExeggutorAlola,FALSE,Grass,Dragon,530,95,105,85,125,75,45,7,FALSE
104,Cubone,TRUE,Ground,,320,50,50,95,40,50,35,1,FALSE
105,Marowak,FALSE,Ground,,425,60,80,110,50,80,45,1,FALSE
105,MarowakAlola,FALSE,Fire,Ghost,425,60,80,110,50,80,45,1,FALSE
106,Hitmonlee,FALSE,Fighting,,455,50,120,53,35,110,87,1,FALSE
107,Hitmonchan,FALSE,Fighting,,455,50,105,79,35,110,76,1,FALSE
108,Lickitung,TRUE,Normal,,385,90,55,75,60,75,30,1,FALSE
109,Koffing,TRUE,Poison,,340,40,65,95,60,45,35,1,FALSE
110,Weezing,FALSE,Poison,,490,65,90,120,85,70,60,1,FALSE
111,Rhyhorn,TRUE,Ground,Rock,345,80,85,95,30,30,25,1,FALSE
112,Rhydon,TRUE,Ground,Rock,485,105,130,120,45,45,40,1,FALSE
113,Chansey,TRUE,Normal,,450,250,5,5,35,105,50,1,FALSE
114,Tangela,TRUE,Grass,,435,65,55,115,100,40,60,1,FALSE
115,Kangaskhan,FALSE,Normal,,490,105,95,80,40,80,90,1,FALSE
115,KangaskhanMega,FALSE,Normal,,590,105,125,100,60,100,100,1,FALSE
116,Horsea,TRUE,Water,,295,30,40,70,70,25,60,1,FALSE
117,Seadra,TRUE,Water,,440,55,65,95,95,45,85,1,FALSE
118,Goldeen,TRUE,Water,,320,45,67,60,35,50,63,1,FALSE
119,Seaking,FALSE,Water,,450,80,92,65,65,80,68,1,FALSE
120,Staryu,TRUE,Water,,340,30,45,55,70,55,85,1,FALSE
121,Starmie,FALSE,Water,Psychic,520,60,75,85,100,85,115,1,FALSE
122,Mr. Mime,FALSE,Psychic,Fairy,460,40,45,65,100,120,90,1,FALSE
123,Scyther,TRUE,Bug,Flying,500,70,110,80,55,80,105,1,FALSE
124,Jynx,FALSE,Ice,Psychic,455,65,50,35,115,95,95,1,FALSE
125,Electabuzz,TRUE,Electric,,490,65,83,57,95,85,105,1,FALSE
126,Magmar,TRUE,Fire,,495,65,95,57,100,85,93,1,FALSE
127,Pinsir,FALSE,Bug,,500,65,125,100,55,70,85,1,FALSE
127,PinsirMega,FALSE,Bug,Flying,600,65,155,120,65,90,105,1,FALSE
128,Tauros,FALSE,Normal,,490,75,100,95,40,70,110,1,FALSE
129,Magikarp,TRUE,Water,,200,20,10,55,15,20,80,1,FALSE
130,Gyarados,FALSE,Water,Flying,540,95,125,79,60,100,81,1,FALSE
130,GyaradosMega,FALSE,Water,Dark,640,95,155,109,70,130,81,1,FALSE
131,Lapras,FALSE,Water,Ice,535,130,85,80,85,95,60,1,FALSE
132,Ditto,FALSE,Normal,,288,48,48,48,48,48,48,1,FALSE
133,Eevee,TRUE,Normal,,325,55,55,50,45,65,55,1,FALSE
134,Vaporeon,FALSE,Water,,525,130,65,60,110,95,65,1,FALSE
135,Jolteon,FALSE,Electric,,525,65,65,60,110,95,130,1,FALSE
136,Flareon,FALSE,Fire,,525,65,130,60,95,110,65,1,FALSE
137,Porygon,TRUE,Normal,,395,65,60,70,85,75,40,1,FALSE
138,Omanyte,TRUE,Rock,Water,355,35,40,100,90,55,35,1,FALSE
139,Omastar,FALSE,Rock,Water,495,70,60,125,115,70,55,1,FALSE
140,Kabuto,TRUE,Rock,Water,355,30,80,90,55,45,55,1,FALSE
141,Kabutops,FALSE,Rock,Water,495,60,115,105,65,70,80,1,FALSE
142,Aerodactyl,FALSE,Rock,Flying,515,80,105,65,60,75,130,1,FALSE
142,AerodactylMega,FALSE,Rock,Flying,615,80,135,85,70,95,150,1,FALSE
143,Snorlax,FALSE,Normal,,540,160,110,65,65,110,30,1,FALSE
144,Articuno,FALSE,Ice,Flying,580,90,85,100,95,125,85,1,TRUE
145,Zapdos,FALSE,Electric,Flying,580,90,90,85,125,90,100,1,TRUE
146,Moltres,FALSE,Fire,Flying,580,90,100,90,125,85,90,1,TRUE
147,Dratini,TRUE,Dragon,,300,41,64,45,50,50,50,1,FALSE
148,Dragonair,TRUE,Dragon,,420,61,84,65,70,70,70,1,FALSE
149,Dragonite,FALSE,Dragon,Flying,600,91,134,95,100,100,80,1,FALSE
150,Mewtwo,FALSE,Psychic,,680,106,110,90,154,90,130,1,TRUE
150,MewtwoMegaX,FALSE,Psychic,Fighting,780,106,190,100,154,100,130,1,TRUE
150,MewtwoMegaY,FALSE,Psychic,,780,106,150,70,194,120,140,1,TRUE
151,Mew,FALSE,Psychic,,600,100,100,100,100,100,100,1,FALSE
152,Chikorita,TRUE,Grass,,318,45,49,65,49,65,45,2,FALSE
153,Bayleef,TRUE,Grass,,405,60,62,80,63,80,60,2,FALSE
154,Meganium,FALSE,Grass,,525,80,82,100,83,100,80,2,FALSE
155,Cyndaquil,TRUE,Fire,,309,39,52,43,60,50,65,2,FALSE
156,Quilava,TRUE,Fire,,405,58,64,58,80,65,80,2,FALSE
157,Typhlosion,FALSE,Fire,,534,78,84,78,109,85,100,2,FALSE
158,Totodile,TRUE,Water,,314,50,65,64,44,48,43,2,FALSE
159,Croconaw,TRUE,Water,,405,65,80,80,59,63,58,2,FALSE
160,Feraligatr,FALSE,Water,,530,85,105,100,79,83,78,2,FALSE
161,Sentret,TRUE,Normal,,215,35,46,34,35,45,20,2,FALSE
162,Furret,FALSE,Normal,,415,85,76,64,45,55,90,2,FALSE
163,Hoothoot,TRUE,Normal,Flying,262,60,30,30,36,56,50,2,FALSE
164,Noctowl,FALSE,Normal,Flying,442,100,50,50,76,96,70,2,FALSE
165,Ledyba,TRUE,Bug,Flying,265,40,20,30,40,80,55,2,FALSE
166,Ledian,FALSE,Bug,Flying,390,55,35,50,55,110,85,2,FALSE
167,Spinarak,TRUE,Bug,Poison,250,40,60,40,40,40,30,2,FALSE
168,Ariados,FALSE,Bug,Poison,390,70,90,70,60,60,40,2,FALSE
169,Crobat,FALSE,Poison,Flying,535,85,90,80,70,80,130,2,FALSE
170,Chinchou,TRUE,Water,Electric,330,75,38,38,56,56,67,2,FALSE
171,Lanturn,FALSE,Water,Electric,460,125,58,58,76,76,67,2,FALSE
172,Pichu,TRUE,Electric,,205,20,40,15,35,35,60,2,FALSE
173,Cleffa,TRUE,Fairy,,218,50,25,28,45,55,15,2,FALSE
174,Igglybuff,TRUE,Normal,Fairy,210,90,30,15,40,20,15,2,FALSE
175,Togepi,TRUE,Fairy,,245,35,20,65,40,65,20,2,FALSE
176,Togetic,TRUE,Fairy,Flying,405,55,40,85,80,105,40,2,FALSE
177,Natu,TRUE,Psychic,Flying,320,40,50,45,70,45,70,2,FALSE
178,Xatu,FALSE,Psychic,Flying,470,65,75,70,95,70,95,2,FALSE
179,Mareep,TRUE,Electric,,280,55,40,40,65,45,35,2,FALSE
180,Flaaffy,TRUE,Electric,,365,70,55,55,80,60,45,2,FALSE
181,Ampharos,FALSE,Electric,,510,90,75,85,115,90,55,2,FALSE
181,AmpharosMega,FALSE,Electric,Dragon,610,90,95,105,165,110,45,2,FALSE
182,Bellossom,FALSE,Grass,,490,75,80,95,90,100,50,2,FALSE
183,Marill,TRUE,Water,Fairy,250,70,20,50,20,50,40,2,FALSE
184,Azumarill,FALSE,Water,Fairy,420,100,50,80,60,80,50,2,FALSE
185,Sudowoodo,FALSE,Rock,,410,70,100,115,30,65,30,2,FALSE
186,Politoed,FALSE,Water,,500,90,75,75,90,100,70,2,FALSE
187,Hoppip,TRUE,Grass,Flying,250,35,35,40,35,55,50,2,FALSE
188,Skiploom,TRUE,Grass,Flying,340,55,45,50,45,65,80,2,FALSE
189,Jumpluff,FALSE,Grass,Flying,460,75,55,70,55,95,110,2,FALSE
190,Aipom,TRUE,Normal,,360,55,70,55,40,55,85,2,FALSE
191,Sunkern,TRUE,Grass,,180,30,30,30,30,30,30,2,FALSE
192,Sunflora,FALSE,Grass,,425,75,75,55,105,85,30,2,FALSE
193,Yanma,TRUE,Bug,Flying,390,65,65,45,75,45,95,2,FALSE
194,Wooper,TRUE,Water,Ground,210,55,45,45,25,25,15,2,FALSE
195,Quagsire,FALSE,Water,Ground,430,95,85,85,65,65,35,2,FALSE
196,Espeon,FALSE,Psychic,,525,65,65,60,130,95,110,2,FALSE
197,Umbreon,FALSE,Dark,,525,95,65,110,60,130,65,2,FALSE
198,Murkrow,TRUE,Dark,Flying,405,60,85,42,85,42,91,2,FALSE
199,Slowking,FALSE,Water,Psychic,490,95,75,80,100,110,30,2,FALSE
200,Misdreavus,TRUE,Ghost,,435,60,60,60,85,85,85,2,FALSE
201,Unown,FALSE,Psychic,,336,48,72,48,72,48,48,2,FALSE
202,Wobbuffet,FALSE,Psychic,,405,190,33,58,33,58,33,2,FALSE
203,Girafarig,FALSE,Normal,Psychic,455,70,80,65,90,65,85,2,FALSE
204,Pineco,TRUE,Bug,,290,50,65,90,35,35,15,2,FALSE
205,Forretress,FALSE,Bug,Steel,465,75,90,140,60,60,40,2,FALSE
206,Dunsparce,FALSE,Normal,,415,100,70,70,65,65,45,2,FALSE
207,Gligar,TRUE,Ground,Flying,430,65,75,105,35,65,85,2,FALSE
208,Steelix,FALSE,Steel,Ground,510,75,85,200,55,65,30,2,FALSE
208,SteelixMega,FALSE,Steel,Ground,610,75,125,230,55,95,30,2,FALSE
209,Snubbull,TRUE,Fairy,,300,60,80,50,40,40,30,2,FALSE
210,Granbull,FALSE,Fairy,,450,90,120,75,60,60,45,2,FALSE
211,Qwilfish,FALSE,Water,Poison,430,65,95,75,55,55,85,2,FALSE
212,Scizor,FALSE,Bug,Steel,500,70,130,100,55,80,65,2,FALSE
212,ScizorMega,FALSE,Bug,Steel,600,70,150,140,65,100,75,2,FALSE
213,Shuckle,FALSE,Bug,Rock,505,20,10,230,10,230,5,2,FALSE
214,Heracross,FALSE,Bug,Fighting,500,80,125,75,40,95,85,2,FALSE
214,HeracrossMega,FALSE,Bug,Fighting,600,80,185,115,40,105,75,2,FALSE
215,Sneasel,TRUE,Dark,Ice,430,55,95,55,35,75,115,2,FALSE
216,Teddiursa,TRUE,Normal,,330,60,80,50,50,50,40,2,FALSE
217,Ursaring,FALSE,Normal,,500,90,130,75,75,75,55,2,FALSE
218,Slugma,TRUE,Fire,,250,40,40,40,70,40,20,2,FALSE
219,Magcargo,FALSE,Fire,Rock,410,50,50,120,80,80,30,2,FALSE
220,Swinub,TRUE,Ice,Ground,250,50,50,40,30,30,50,2,FALSE
221,Piloswine,TRUE,Ice,Ground,450,100,100,80,60,60,50,2,FALSE
222,Corsola,FALSE,Water,Rock,380,55,55,85,65,85,35,2,FALSE
223,Remoraid,TRUE,Water,,300,35,65,35,65,35,65,2,FALSE
224,Octillery,FALSE,Water,,480,75,105,75,105,75,45,2,FALSE
225,Delibird,FALSE,Ice,Flying,330,45,55,45,65,45,75,2,FALSE
226,Mantine,FALSE,Water,Flying,465,65,40,70,80,140,70,2,FALSE
227,Skarmory,FALSE,Steel,Flying,465,65,80,140,40,70,70,2,FALSE
228,Houndour,TRUE,Dark,Fire,330,45,60,30,80,50,65,2,FALSE
229,Houndoom,FALSE,Dark,Fire,500,75,90,50,110,80,95,2,FALSE
229,HoundoomMega,FALSE,Dark,Fire,600,75,90,90,140,90,115,2,FALSE
230,Kingdra,FALSE,Water,Dragon,540,75,95,95,95,95,85,2,FALSE
231,Phanpy,TRUE,Ground,,330,90,60,60,40,40,40,2,FALSE
232,Donphan,FALSE,Ground,,500,90,120,120,60,60,50,2,FALSE
233,Porygon2,TRUE,Normal,,515,85,80,90,105,95,60,2,FALSE
234,Stantler,FALSE,Normal,,465,73,95,62,85,65,85,2,FALSE
235,Smeargle,FALSE,Normal,,250,55,20,35,20,45,75,2,FALSE
236,Tyrogue,TRUE,Fighting,,210,35,35,35,35,35,35,2,FALSE
237,Hitmontop,FALSE,Fighting,,455,50,95,95,35,110,70,2,FALSE
238,Smoochum,TRUE,Ice,Psychic,305,45,30,15,85,65,65,2,FALSE
239,Elekid,TRUE,Electric,,360,45,63,37,65,55,95,2,FALSE
240,Magby,TRUE,Fire,,365,45,75,37,70,55,83,2,FALSE
241,Miltank,FALSE,Normal,,490,95,80,105,40,70,100,2,FALSE
242,Blissey,FALSE,Normal,,540,255,10,10,75,135,55,2,FALSE
243,Raikou,FALSE,Electric,,580,90,85,75,115,100,115,2,TRUE
244,Entei,FALSE,Fire,,580,115,115,85,90,75,100,2,TRUE
245,Suicune,FALSE,Water,,580,100,75,115,90,115,85,2,TRUE
246,Larvitar,TRUE,Rock,Ground,300,50,64,50,45,50,41,2,FALSE
247,Pupitar,TRUE,Rock,Ground,410,70,84,70,65,70,51,2,FALSE
248,Tyranitar,FALSE,Rock,Dark,600,100,134,110,95,100,61,2,FALSE
248,TyranitarMega,FALSE,Rock,Dark,700,100,164,150,95,120,71,2,FALSE
249,Lugia,FALSE,Psychic,Flying,680,106,90,130,90,154,110,2,TRUE
250,Ho-oh,FALSE,Fire,Flying,680,106,130,90,110,154,90,2,TRUE
251,Celebi,FALSE,Psychic,Grass,600,100,100,100,100,100,100,2,FALSE
252,Treecko,TRUE,Grass,,310,40,45,35,65,55,70,3,FALSE
253,Grovyle,TRUE,Grass,,405,50,65,45,85,65,95,3,FALSE
254,Sceptile,FALSE,Grass,,530,70,85,65,105,85,120,3,FALSE
254,SceptileMega,FALSE,Grass,Dragon,630,70,110,75,145,85,145,3,FALSE
255,Torchic,TRUE,Fire,,310,45,60,40,70,50,45,3,FALSE
256,Combusken,TRUE,Fire,Fighting,405,60,85,60,85,60,55,3,FALSE
257,Blaziken,FALSE,Fire,Fighting,530,80,120,70,110,70,80,3,FALSE
257,BlazikenMega,FALSE,Fire,Fighting,630,80,160,80,130,80,100,3,FALSE
258,Mudkip,TRUE,Water,,310,50,70,50,50,50,40,3,FALSE
259,Marshtomp,TRUE,Water,Ground,405,70,85,70,60,70,50,3,FALSE
260,Swampert,FALSE,Water,Ground,535,100,110,90,85,90,60,3,FALSE
260,SwampertMega,FALSE,Water,Ground,635,100,150,110,95,110,70,3,FALSE
261,Poochyena,TRUE,Dark,,220,35,55,35,30,30,35,3,FALSE
262,Mightyena,FALSE,Dark,,420,70,90,70,60,60,70,3,FALSE
263,Zigzagoon,TRUE,Normal,,240,38,30,41,30,41,60,3,FALSE
264,Linoone,FALSE,Normal,,420,78,70,61,50,61,100,3,FALSE
265,Wurmple,TRUE,Bug,,195,45,45,35,20,30,20,3,FALSE
266,Silcoon,TRUE,Bug,,205,50,35,55,25,25,15,3,FALSE
267,Beautifly,FALSE,Bug,Flying,395,60,70,50,100,50,65,3,FALSE
268,Cascoon,TRUE,Bug,,205,50,35,55,25,25,15,3,FALSE
269,Dustox,FALSE,Bug,Poison,385,60,50,70,50,90,65,3,FALSE
270,Lotad,TRUE,Water,Grass,220,40,30,30,40,50,30,3,FALSE
271,Lombre,TRUE,Water,Grass,340,60,50,50,60,70,50,3,FALSE
272,Ludicolo,FALSE,Water,Grass,480,80,70,70,90,100,70,3,FALSE
273,Seedot,TRUE,Grass,,220,40,40,50,30,30,30,3,FALSE
274,Nuzleaf,TRUE,Grass,Dark,340,70,70,40,60,40,60,3,FALSE
275,Shiftry,FALSE,Grass,Dark,480,90,100,60,90,60,80,3,FALSE
276,Taillow,TRUE,Normal,Flying,270,40,55,30,30,30,85,3,FALSE
277,Swellow,FALSE,Normal,Flying,430,60,85,60,50,50,125,3,FALSE
278,Wingull,TRUE,Water,Flying,270,40,30,30,55,30,85,3,FALSE
279,Pelipper,FALSE,Water,Flying,430,60,50,100,85,70,65,3,FALSE
280,Ralts,TRUE,Psychic,Fairy,198,28,25,25,45,35,40,3,FALSE
281,Kirlia,TRUE,Psychic,Fairy,278,38,35,35,65,55,50,3,FALSE
282,Gardevoir,FALSE,Psychic,Fairy,518,68,65,65,125,115,80,3,FALSE
282,GardevoirMega,FALSE,Psychic,Fairy,618,68,85,65,165,135,100,3,FALSE
283,Surskit,TRUE,Bug,Water,269,40,30,32,50,52,65,3,FALSE
284,Masquerain,FALSE,Bug,Flying,414,70,60,62,80,82,60,3,FALSE
285,Shroomish,TRUE,Grass,,295,60,40,60,40,60,35,3,FALSE
286,Breloom,FALSE,Grass,Fighting,460,60,130,80,60,60,70,3,FALSE
287,Slakoth,TRUE,Normal,,280,60,60,60,35,35,30,3,FALSE
288,Vigoroth,TRUE,Normal,,440,80,80,80,55,55,90,3,FALSE
289,Slaking,FALSE,Normal,,670,150,160,100,95,65,100,3,FALSE
290,Nincada,TRUE,Bug,Ground,266,31,45,90,30,30,40,3,FALSE
291,Ninjask,FALSE,Bug,Flying,456,61,90,45,50,50,160,3,FALSE
292,Shedinja,FALSE,Bug,Ghost,236,1,90,45,30,30,40,3,FALSE
293,Whismur,TRUE,Normal,,240,64,51,23,51,23,28,3,FALSE
294,Loudred,TRUE,Normal,,360,84,71,43,71,43,48,3,FALSE
295,Exploud,FALSE,Normal,,490,104,91,63,91,73,68,3,FALSE
296,Makuhita,TRUE,Fighting,,237,72,60,30,20,30,25,3,FALSE
297,Hariyama,FALSE,Fighting,,474,144,120,60,40,60,50,3,FALSE
298,Azurill,TRUE,Normal,Fairy,190,50,20,40,20,40,20,3,FALSE
299,Nosepass,TRUE,Rock,,375,30,45,135,45,90,30,3,FALSE
300,Skitty,TRUE,Normal,,260,50,45,45,35,35,50,3,FALSE
301,Delcatty,FALSE,Normal,,380,70,65,65,55,55,70,3,FALSE
302,Sableye,FALSE,Dark,Ghost,380,50,75,75,65,65,50,3,FALSE
302,SableyeMega,FALSE,Dark,Ghost,480,50,85,125,85,115,20,3,FALSE
303,Mawile,FALSE,Steel,Fairy,380,50,85,85,55,55,50,3,FALSE
303,MawileMega,FALSE,Steel,Fairy,480,50,105,125,55,95,50,3,FALSE
304,Aron,TRUE,Steel,Rock,330,50,70,100,40,40,30,3,FALSE
305,Lairon,TRUE,Steel,Rock,430,60,90,140,50,50,40,3,FALSE
306,Aggron,FALSE,Steel,Rock,530,70,110,180,60,60,50,3,FALSE
306,AggronMega,FALSE,Steel,,630,70,140,230,60,80,50,3,FALSE
307,Meditite,TRUE,Fighting,Psychic,280,30,40,55,40,55,60,3,FALSE
308,Medicham,FALSE,Fighting,Psychic,410,60,60,75,60,75,80,3,FALSE
308,MedichamMega,FALSE,Fighting,Psychic,510,60,100,85,80,85,100,3,FALSE
309,Electrike,TRUE,Electric,,295,40,45,40,65,40,65,3,FALSE
310,Manectric,FALSE,Electric,,475,70,75,60,105,60,105,3,FALSE
310,ManectricMega,FALSE,Electric,,575,70,75,80,135,80,135,3,FALSE
311,Plusle,FALSE,Electric,,405,60,50,40,85,75,95,3,FALSE
312,Minun,FALSE,Electric,,405,60,40,50,75,85,95,3,FALSE
313,Volbeat,FALSE,Bug,,400,65,73,55,47,75,85,3,FALSE
314,Illumise,FALSE,Bug,,400,65,47,55,73,75,85,3,FALSE
315,Roselia,TRUE,Grass,Poison,400,50,60,45,100,80,65,3,FALSE
316,Gulpin,TRUE,Poison,,302,70,43,53,43,53,40,3,FALSE
317,Swalot,FALSE,Poison,,467,100,73,83,73,83,55,3,FALSE
318,Carvanha,TRUE,Water,Dark,305,45,90,20,65,20,65,3,FALSE
319,Sharpedo,FALSE,Water,Dark,460,70,120,40,95,40,95,3,FALSE
319,SharpedoMega,FALSE,Water,Dark,560,70,140,70,110,65,105,3,FALSE
320,Wailmer,TRUE,Water,,400,130,70,35,70,35,60,3,FALSE
321,Wailord,FALSE,Water,,500,170,90,45,90,45,60,3,FALSE
322,Numel,TRUE,Fire,Ground,305,60,60,40,65,45,35,3,FALSE
323,Camerupt,FALSE,Fire,Ground,460,70,100,70,105,75,40,3,FALSE
323,CameruptMega,FALSE,Fire,Ground,560,70,120,100,145,105,20,3,FALSE
324,Torkoal,FALSE,Fire,,470,70,85,140,85,70,20,3,FALSE
325,Spoink,TRUE,Psychic,,330,60,25,35,70,80,60,3,FALSE
326,Grumpig,FALSE,Psychic,,470,80,45,65,90,110,80,3,FALSE
327,Spinda,FALSE,Normal,,360,60,60,60,60,60,60,3,FALSE
328,Trapinch,TRUE,Ground,,290,45,100,45,45,45,10,3,FALSE
329,Vibrava,TRUE,Ground,Dragon,340,50,70,50,50,50,70,3,FALSE
330,Flygon,FALSE,Ground,Dragon,520,80,100,80,80,80,100,3,FALSE
331,Cacnea,TRUE,Grass,,335,50,85,40,85,40,35,3,FALSE
332,Cacturne,FALSE,Grass,Dark,475,70,115,60,115,60,55,3,FALSE
333,Swablu,TRUE,Normal,Flying,310,45,40,60,40,75,50,3,FALSE
334,Altaria,FALSE,Dragon,Flying,490,75,70,90,70,105,80,3,FALSE
334,AltariaMega,FALSE,Dragon,Fairy,590,75,110,110,110,105,80,3,FALSE
335,Zangoose,FALSE,Normal,,458,73,115,60,60,60,90,3,FALSE
336,Seviper,FALSE,Poison,,458,73,100,60,100,60,65,3,FALSE
337,Lunatone,FALSE,Rock,Psychic,440,70,55,65,95,85,70,3,FALSE
338,Solrock,FALSE,Rock,Psychic,440,70,95,85,55,65,70,3,FALSE
339,Barboach,TRUE,Water,Ground,288,50,48,43,46,41,60,3,FALSE
340,Whiscash,FALSE,Water,Ground,468,110,78,73,76,71,60,3,FALSE
341,Corphish,TRUE,Water,,308,43,80,65,50,35,35,3,FALSE
342,Crawdaunt,FALSE,Water,Dark,468,63,120,85,90,55,55,3,FALSE
343,Baltoy,TRUE,Ground,Psychic,300,40,40,55,40,70,55,3,FALSE
344,Claydol,FALSE,Ground,Psychic,500,60,70,105,70,120,75,3,FALSE
345,Lileep,TRUE,Rock,Grass,355,66,41,77,61,87,23,3,FALSE
346,Cradily,FALSE,Rock,Grass,495,86,81,97,81,107,43,3,FALSE
347,Anorith,TRUE,Rock,Bug,355,45,95,50,40,50,75,3,FALSE
348,Armaldo,FALSE,Rock,Bug,495,75,125,100,70,80,45,3,FALSE
349,Feebas,TRUE,Water,,200,20,15,20,10,55,80,3,FALSE
350,Milotic,FALSE,Water,,540,95,60,79,100,125,81,3,FALSE
351,Castform,FALSE,Normal,,420,70,70,70,70,70,70,3,FALSE
352,Kecleon,FALSE,Normal,,440,60,90,70,60,120,40,3,FALSE
353,Shuppet,TRUE,Ghost,,295,44,75,35,63,33,45,3,FALSE
354,Banette,FALSE,Ghost,,455,64,115,65,83,63,65,3,FALSE
354,BanetteMega,FALSE,Ghost,,555,64,165,75,93,83,75,3,FALSE
355,Duskull,TRUE,Ghost,,295,20,40,90,30,90,25,3,FALSE
356,Dusclops,TRUE,Ghost,,455,40,70,130,60,130,25,3,FALSE
357,Tropius,FALSE,Grass,Flying,460,99,68,83,72,87,51,3,FALSE
358,Chimecho,FALSE,Psychic,,425,65,50,70,95,80,65,3,FALSE
359,Absol,FALSE,Dark,,465,65,130,60,75,60,75,3,FALSE
359,AbsolMega,FALSE,Dark,,565,65,150,60,115,60,115,3,FALSE
360,Wynaut,TRUE,Psychic,,260,95,23,48,23,48,23,3,FALSE
361,Snorunt,TRUE,Ice,,300,50,50,50,50,50,50,3,FALSE
362,Glalie,FALSE,Ice,,480,80,80,80,80,80,80,3,FALSE
362,GlalieMega,FALSE,Ice,,580,80,120,80,120,80,100,3,FALSE
363,Spheal,TRUE,Ice,Water,290,70,40,50,55,50,25,3,FALSE
364,Sealeo,TRUE,Ice,Water,410,90,60,70,75,70,45,3,FALSE
365,Walrein,FALSE,Ice,Water,530,110,80,90,95,90,65,3,FALSE
366,Clamperl,TRUE,Water,,345,35,64,85,74,55,32,3,FALSE
367,Huntail,FALSE,Water,,485,55,104,105,94,75,52,3,FALSE
368,Gorebyss,FALSE,Water,,485,55,84,105,114,75,52,3,FALSE
369,Relicanth,FALSE,Water,Rock,485,100,90,130,45,65,55,3,FALSE
370,Luvdisc,FALSE,Water,,330,43,30,55,40,65,97,3,FALSE
371,Bagon,TRUE,Dragon,,300,45,75,60,40,30,50,3,FALSE
372,Shelgon,TRUE,Dragon,,420,65,95,100,60,50,50,3,FALSE
373,Salamence,FALSE,Dragon,Flying,600,95,135,80,110,80,100,3,FALSE
373,SalamenceMega,FALSE,Dragon,Flying,700,95,145,130,120,90,120,3,FALSE
374,Beldum,TRUE,Steel,Psychic,300,40,55,80,35,60,30,3,FALSE
375,Metang,TRUE,Steel,Psychic,420,60,75,100,55,80,50,3,FALSE
376,Metagross,FALSE,Steel,Psychic,600,80,135,130,95,90,70,3,FALSE
376,MetagrossMega,FALSE,Steel,Psychic,700,80,145,150,105,110,110,3,FALSE
377,Regirock,FALSE,Rock,,580,80,100,200,50,100,50,3,TRUE
378,Regice,FALSE,Ice,,580,80,50,100,100,200,50,3,TRUE
379,Registeel,FALSE,Steel,,580,80,75,150,75,150,50,3,TRUE
380,Latias,FALSE,Dragon,Psychic,600,80,80,90,110,130,110,3,TRUE
380,LatiasMega,FALSE,Dragon,Psychic,700,80,100,120,140,150,110,3,TRUE
381,Latios,FALSE,Dragon,Psychic,600,80,90,80,130,110,110,3,TRUE
381,LatiosMega,FALSE,Dragon,Psychic,700,80,130,100,160,120,110,3,TRUE
382,Kyogre,FALSE,Water,,670,100,100,90,150,140,90,3,TRUE
382,KyogrePrimal,FALSE,Water,,770,100,150,90,180,160,90,3,TRUE
383,Groudon,FALSE,Ground,,670,100,150,140,100,90,90,3,TRUE
383,GroudonPrimal,FALSE,Ground,Fire,770,100,180,160,150,90,90,3,TRUE
384,Rayquaza,FALSE,Dragon,Flying,680,105,150,90,150,90,95,3,TRUE
384,RayquazaMega,FALSE,Dragon,Flying,780,105,180,100,180,100,115,3,TRUE
385,Jirachi,FALSE,Steel,Psychic,600,100,100,100,100,100,100,3,TRUE
386,DeoxysNormal,FALSE,Psychic,,600,50,150,50,150,50,150,3,TRUE
386,DeoxysAttack,FALSE,Psychic,,600,50,180,20,180,20,150,3,TRUE
386,DeoxysDefense,FALSE,Psychic,,600,50,70,160,70,160,90,3,TRUE
386,DeoxysSpeed,FALSE,Psychic,,600,50,95,90,95,90,180,3,TRUE
387,Turtwig,TRUE,Grass,,318,55,68,64,45,55,31,4,FALSE
388,Grotle,TRUE,Grass,,405,75,89,85,55,65,36,4,FALSE
389,Torterra,FALSE,Grass,Ground,525,95,109,105,75,85,56,4,FALSE
390,Chimchar,TRUE,Fire,,309,44,58,44,58,44,61,4,FALSE
391,Monferno,TRUE,Fire,Fighting,405,64,78,52,78,52,81,4,FALSE
392,Infernape,FALSE,Fire,Fighting,534,76,104,71,104,71,108,4,FALSE
393,Piplup,TRUE,Water,,314,53,51,53,61,56,40,4,FALSE
394,Prinplup,TRUE,Water,,405,64,66,68,81,76,50,4,FALSE
395,Empoleon,FALSE,Water,Steel,530,84,86,88,111,101,60,4,FALSE
396,Starly,TRUE,Normal,Flying,245,40,55,30,30,30,60,4,FALSE
397,Staravia,TRUE,Normal,Flying,340,55,75,50,40,40,80,4,FALSE
398,Staraptor,FALSE,Normal,Flying,485,85,120,70,50,60,100,4,FALSE
399,Bidoof,TRUE,Normal,,250,59,45,40,35,40,31,4,FALSE
400,Bibarel,FALSE,Normal,Water,410,79,85,60,55,60,71,4,FALSE
401,Kricketot,TRUE,Bug,,194,37,25,41,25,41,25,4,FALSE
402,Kricketune,FALSE,Bug,,384,77,85,51,55,51,65,4,FALSE
403,Shinx,TRUE,Electric,,263,45,65,34,40,34,45,4,FALSE
404,Luxio,TRUE,Electric,,363,60,85,49,60,49,60,4,FALSE
405,Luxray,FALSE,Electric,,523,80,120,79,95,79,70,4,FALSE
406,Budew,TRUE,Grass,Poison,280,40,30,35,50,70,55,4,FALSE
407,Roserade,FALSE,Grass,Poison,515,60,70,65,125,105,90,4,FALSE
408,Cranidos,TRUE,Rock,,350,67,125,40,30,30,58,4,FALSE
409,Rampardos,FALSE,Rock,,495,97,165,60,65,50,58,4,FALSE
410,Shieldon,TRUE,Rock,Steel,350,30,42,118,42,88,30,4,FALSE
411,Bastiodon,FALSE,Rock,Steel,495,60,52,168,47,138,30,4,FALSE
412,Burmy,TRUE,Bug,,224,40,29,45,29,45,36,4,FALSE
413,WormadamPlant,FALSE,Bug,Grass,424,60,59,85,79,105,36,4,FALSE
413,WormadamSandy,FALSE,Bug,Ground,424,60,79,105,59,85,36,4,FALSE
413,WormadamTrash,FALSE,Bug,Steel,424,60,69,95,69,95,36,4,FALSE
414,Mothim,FALSE,Bug,Flying,424,70,94,50,94,50,66,4,FALSE
415,Combee,TRUE,Bug,Flying,244,30,30,42,30,42,70,4,FALSE
416,Vespiquen,FALSE,Bug,Flying,474,70,80,102,80,102,40,4,FALSE
417,Pachirisu,FALSE,Electric,,405,60,45,70,45,90,95,4,FALSE
418,Buizel,TRUE,Water,,330,55,65,35,60,30,85,4,FALSE
419,Floatzel,FALSE,Water,,495,85,105,55,85,50,115,4,FALSE
420,Cherubi,TRUE,Grass,,275,45,35,45,62,53,35,4,FALSE
421,Cherrim,FALSE,Grass,,450,70,60,70,87,78,85,4,FALSE
422,Shellos,TRUE,Water,,325,76,48,48,57,62,34,4,FALSE
423,Gastrodon,FALSE,Water,Ground,475,111,83,68,92,82,39,4,FALSE
424,Ambipom,FALSE,Normal,,482,75,100,66,60,66,115,4,FALSE
425,Drifloon,TRUE,Ghost,Flying,348,90,50,34,60,44,70,4,FALSE
426,Drifblim,FALSE,Ghost,Flying,498,150,80,44,90,54,80,4,FALSE
427,Buneary,TRUE,Normal,,350,55,66,44,44,56,85,4,FALSE
428,Lopunny,FALSE,Normal,,480,65,76,84,54,96,105,4,FALSE
428,LopunnyMega,FALSE,Normal,Fighting,580,65,136,94,54,96,135,4,FALSE
429,Mismagius,FALSE,Ghost,,495,60,60,60,105,105,105,4,FALSE
430,Honchkrow,FALSE,Dark,Flying,505,100,125,52,105,52,71,4,FALSE
431,Glameow,TRUE,Normal,,310,49,55,42,42,37,85,4,FALSE
432,Purugly,FALSE,Normal,,452,71,82,64,64,59,112,4,FALSE
433,Chingling,TRUE,Psychic,,285,45,30,50,65,50,45,4,FALSE
434,Stunky,TRUE,Poison,Dark,329,63,63,47,41,41,74,4,FALSE
435,Skuntank,FALSE,Poison,Dark,479,103,93,67,71,61,84,4,FALSE
436,Bronzor,TRUE,Steel,Psychic,300,57,24,86,24,86,23,4,FALSE
437,Bronzong,FALSE,Steel,Psychic,500,67,89,116,79,116,33,4,FALSE
438,Bonsly,TRUE,Rock,,290,50,80,95,10,45,10,4,FALSE
439,Mime Jr.,TRUE,Psychic,Fairy,310,20,25,45,70,90,60,4,FALSE
440,Happiny,TRUE,Normal,,220,100,5,5,15,65,30,4,FALSE
441,Chatot,FALSE,Normal,Flying,411,76,65,45,92,42,91,4,FALSE
442,Spiritomb,FALSE,Ghost,Dark,485,50,92,108,92,108,35,4,FALSE
443,Gible,TRUE,Dragon,Ground,300,58,70,45,40,45,42,4,FALSE
444,Gabite,TRUE,Dragon,Ground,410,68,90,65,50,55,82,4,FALSE
445,Garchomp,FALSE,Dragon,Ground,600,108,130,95,80,85,102,4,FALSE
445,GarchompMega,FALSE,Dragon,Ground,700,108,170,115,120,95,92,4,FALSE
446,Munchlax,TRUE,Normal,,390,135,85,40,40,85,5,4,FALSE
447,Riolu,TRUE,Fighting,,285,40,70,40,35,40,60,4,FALSE
448,Lucario,FALSE,Fighting,Steel,525,70,110,70,115,70,90,4,FALSE
448,LucarioMega,FALSE,Fighting,Steel,625,70,145,88,140,70,112,4,FALSE
449,Hippopotas,TRUE,Ground,,330,68,72,78,38,42,32,4,FALSE
450,Hippowdon,FALSE,Ground,,525,108,112,118,68,72,47,4,FALSE
451,Skorupi,TRUE,Poison,Bug,330,40,50,90,30,55,65,4,FALSE
452,Drapion,FALSE,Poison,Dark,500,70,90,110,60,75,95,4,FALSE
453,Croagunk,TRUE,Poison,Fighting,300,48,61,40,61,40,50,4,FALSE
454,Toxicroak,FALSE,Poison,Fighting,490,83,106,65,86,65,85,4,FALSE
455,Carnivine,FALSE,Grass,,454,74,100,72,90,72,46,4,FALSE
456,Finneon,TRUE,Water,,330,49,49,56,49,61,66,4,FALSE
457,Lumineon,FALSE,Water,,460,69,69,76,69,86,91,4,FALSE
458,Mantyke,TRUE,Water,Flying,345,45,20,50,60,120,50,4,FALSE
459,Snover,TRUE,Grass,Ice,334,60,62,50,62,60,40,4,FALSE
460,Abomasnow,FALSE,Grass,Ice,494,90,92,75,92,85,60,4,FALSE
460,AbomasnowMega,FALSE,Grass,Ice,594,90,132,105,132,105,30,4,FALSE
461,Weavile,FALSE,Dark,Ice,510,70,120,65,45,85,125,4,FALSE
462,Magnezone,FALSE,Electric,Steel,535,70,70,115,130,90,60,4,FALSE
463,Lickilicky,FALSE,Normal,,515,110,85,95,80,95,50,4,FALSE
464,Rhyperior,FALSE,Ground,Rock,535,115,140,130,55,55,40,4,FALSE
465,Tangrowth,FALSE,Grass,,535,100,100,125,110,50,50,4,FALSE
466,Electivire,FALSE,Electric,,540,75,123,67,95,85,95,4,FALSE
467,Magmortar,FALSE,Fire,,540,75,95,67,125,95,83,4,FALSE
468,Togekiss,FALSE,Fairy,Flying,545,85,50,95,120,115,80,4,FALSE
469,Yanmega,FALSE,Bug,Flying,515,86,76,86,116,56,95,4,FALSE
470,Leafeon,FALSE,Grass,,525,65,110,130,60,65,95,4,FALSE
471,Glaceon,FALSE,Ice,,525,65,60,110,130,95,65,4,FALSE
472,Gliscor,FALSE,Ground,Flying,510,75,95,125,45,75,95,4,FALSE
473,Mamoswine,FALSE,Ice,Ground,530,110,130,80,70,60,80,4,FALSE
474,Porygon-Z,FALSE,Normal,,535,85,80,70,135,75,90,4,FALSE
475,Gallade,FALSE,Psychic,Fighting,518,68,125,65,65,115,80,4,FALSE
475,GalladeMega,FALSE,Psychic,Fighting,618,68,165,95,65,115,110,4,FALSE
476,Probopass,FALSE,Rock,Steel,525,60,55,145,75,150,40,4,FALSE
477,Dusknoir,FALSE,Ghost,,525,45,100,135,65,135,45,4,FALSE
478,Froslass,FALSE,Ice,Ghost,480,70,80,70,80,70,110,4,FALSE
479,Rotom,FALSE,Electric,Ghost,440,50,50,77,95,77,91,4,FALSE
479,Zygarde10%,FALSE,Electric,Fire,520,50,65,107,105,107,86,4,FALSE
479,RotomWash,FALSE,Electric,Water,520,50,65,107,105,107,86,4,FALSE
479,RotomFrost,FALSE,Electric,Ice,520,50,65,107,105,107,86,4,FALSE
479,RotomFan,FALSE,Electric,Flying,520,50,65,107,105,107,86,4,FALSE
479,RotomMow,FALSE,Electric,Grass,520,50,65,107,105,107,86,4,FALSE
480,Uxie,FALSE,Psychic,,580,75,75,130,75,130,95,4,TRUE
481,Mesprit,FALSE,Psychic,,580,80,105,105,105,105,80,4,TRUE
482,Azelf,FALSE,Psychic,,580,75,125,70,125,70,115,4,TRUE
483,Dialga,FALSE,Steel,Dragon,680,100,120,120,150,100,90,4,TRUE
484,Palkia,FALSE,Water,Dragon,680,90,120,100,150,120,100,4,TRUE
485,Heatran,FALSE,Fire,Steel,600,91,90,106,130,106,77,4,TRUE
486,Regigigas,FALSE,Normal,,670,110,160,110,80,110,100,4,TRUE
487,GiratinaAltered,FALSE,Ghost,Dragon,680,150,100,120,100,120,90,4,TRUE
487,GiratinaOrigin,FALSE,Ghost,Dragon,680,150,120,100,120,100,90,4,TRUE
488,Cresselia,FALSE,Psychic,,600,120,70,120,75,130,85,4,FALSE
489,Phione,FALSE,Water,,480,80,80,80,80,80,80,4,FALSE
490,Manaphy,FALSE,Water,,600,100,100,100,100,100,100,4,FALSE
491,Darkrai,FALSE,Dark,,600,70,90,90,135,90,125,4,TRUE
492,ShayminLand,FALSE,Grass,,600,100,100,100,100,100,100,4,TRUE
492,ShayminSky,FALSE,Grass,Flying,600,100,103,75,120,75,127,4,TRUE
493,ArceusNormal,FALSE,Normal,,720,120,120,120,120,120,120,4,TRUE
493,ArceusFairy,FALSE,Fairy,,720,120,120,120,120,120,120,4,TRUE
493,ArceusGround,FALSE,Ground,,720,120,120,120,120,120,120,4,TRUE
493,ArceusSteel,FALSE,Steel,,720,120,120,120,120,120,120,4,TRUE
493,ArceusDark,FALSE,Dark,,720,120,120,120,120,120,120,4,TRUE
493,ArceusGhost,FALSE,Ghost,,720,120,120,120,120,120,120,4,TRUE
493,ArceusPoison,FALSE,Poison,,720,120,120,120,120,120,120,4,TRUE
493,ArceusWater,FALSE,Water,,720,120,120,120,120,120,120,4,TRUE
493,ArceusRock,FALSE,Rock,,720,120,120,120,120,120,120,4,TRUE
493,ArceusFlying,FALSE,Flying,,720,120,120,120,120,120,120,4,TRUE
493,ArceusFire,FALSE,Fire,,720,120,120,120,120,120,120,4,TRUE
493,ArceusElectric,FALSE,Electric,,720,120,120,120,120,120,120,4,TRUE
493,ArceusGrass,FALSE,Grass,,720,120,120,120,120,120,120,4,TRUE
493,ArceusDragon,FALSE,Dragon,,720,120,120,120,120,120,120,4,TRUE
493,ArceusIce,FALSE,Ice,,720,120,120,120,120,120,120,4,TRUE
493,ArceusFighting,FALSE,Fighting,,720,120,120,120,120,120,120,4,TRUE
493,ArceusPsychic,FALSE,Psychic,,720,120,120,120,120,120,120,4,TRUE
493,ArceusBug,FALSE,Bug,,720,120,120,120,120,120,120,4,TRUE
494,Victini,FALSE,Psychic,Fire,600,100,100,100,100,100,100,5,TRUE
495,Snivy,TRUE,Grass,,308,45,45,55,45,55,63,5,FALSE
496,Servine,TRUE,Grass,,413,60,60,75,60,75,83,5,FALSE
497,Serperior,FALSE,Grass,,528,75,75,95,75,95,113,5,FALSE
498,Tepig,TRUE,Fire,,308,65,63,45,45,45,45,5,FALSE
499,Pignite,TRUE,Fire,Fighting,418,90,93,55,70,55,55,5,FALSE
500,Emboar,FALSE,Fire,Fighting,528,110,123,65,100,65,65,5,FALSE
501,Oshawott,TRUE,Water,,308,55,55,45,63,45,45,5,FALSE
502,Dewott,TRUE,Water,,413,75,75,60,83,60,60,5,FALSE
503,Samurott,FALSE,Water,,528,95,100,85,108,70,70,5,FALSE
504,Patrat,TRUE,Normal,,255,45,55,39,35,39,42,5,FALSE
505,Watchog,FALSE,Normal,,420,60,85,69,60,69,77,5,FALSE
506,Lillipup,TRUE,Normal,,275,45,60,45,25,45,55,5,FALSE
507,Herdier,TRUE,Normal,,370,65,80,65,35,65,60,5,FALSE
508,Stoutland,FALSE,Normal,,500,85,110,90,45,90,80,5,FALSE
509,Purrloin,TRUE,Dark,,281,41,50,37,50,37,66,5,FALSE
510,Liepard,FALSE,Dark,,446,64,88,50,88,50,106,5,FALSE
511,Pansage,TRUE,Grass,,316,50,53,48,53,48,64,5,FALSE
512,Simisage,FALSE,Grass,,498,75,98,63,98,63,101,5,FALSE
513,Pansear,TRUE,Fire,,316,50,53,48,53,48,64,5,FALSE
514,Simisear,FALSE,Fire,,498,75,98,63,98,63,101,5,FALSE
515,Panpour,TRUE,Water,,316,50,53,48,53,48,64,5,FALSE
516,Simipour,FALSE,Water,,498,75,98,63,98,63,101,5,FALSE
517,Munna,TRUE,Psychic,,292,76,25,45,67,55,24,5,FALSE
518,Musharna,FALSE,Psychic,,487,116,55,85,107,95,29,5,FALSE
519,Pidove,TRUE,Normal,Flying,264,50,55,50,36,30,43,5,FALSE
520,Tranquill,TRUE,Normal,Flying,358,62,77,62,50,42,65,5,FALSE
521,Unfezant,FALSE,Normal,Flying,488,80,115,80,65,55,93,5,FALSE
522,Blitzle,TRUE,Electric,,295,45,60,32,50,32,76,5,FALSE
523,Zebstrika,FALSE,Electric,,497,75,100,63,80,63,116,5,FALSE
524,Roggenrola,TRUE,Rock,,280,55,75,85,25,25,15,5,FALSE
525,Boldore,TRUE,Rock,,390,70,105,105,50,40,20,5,FALSE
526,Gigalith,FALSE,Rock,,515,85,135,130,60,80,25,5,FALSE
527,Woobat,TRUE,Psychic,Flying,313,55,45,43,55,43,72,5,FALSE
528,Swoobat,FALSE,Psychic,Flying,425,67,57,55,77,55,114,5,FALSE
529,Drilbur,TRUE,Ground,,328,60,85,40,30,45,68,5,FALSE
530,Excadrill,FALSE,Ground,Steel,508,110,135,60,50,65,88,5,FALSE
531,Audino,FALSE,Normal,,445,103,60,86,60,86,50,5,FALSE
531,AudinoMega,FALSE,Normal,Fairy,545,103,60,126,80,126,50,5,FALSE
532,Timburr,TRUE,Fighting,,305,75,80,55,25,35,35,5,FALSE
533,Gurdurr,TRUE,Fighting,,405,85,105,85,40,50,40,5,FALSE
534,Conkeldurr,FALSE,Fighting,,505,105,140,95,55,65,45,5,FALSE
535,Tympole,TRUE,Water,,294,50,50,40,50,40,64,5,FALSE
536,Palpitoad,TRUE,Water,Ground,384,75,65,55,65,55,69,5,FALSE
537,Seismitoad,FALSE,Water,Ground,509,105,95,75,85,75,74,5,FALSE
538,Throh,FALSE,Fighting,,465,120,100,85,30,85,45,5,FALSE
539,Sawk,FALSE,Fighting,,465,75,125,75,30,75,85,5,FALSE
540,Sewaddle,TRUE,Bug,Grass,310,45,53,70,40,60,42,5,FALSE
541,Swadloon,TRUE,Bug,Grass,380,55,63,90,50,80,42,5,FALSE
542,Leavanny,FALSE,Bug,Grass,500,75,103,80,70,80,92,5,FALSE
543,Venipede,TRUE,Bug,Poison,260,30,45,59,30,39,57,5,FALSE
544,Whirlipede,TRUE,Bug,Poison,360,40,55,99,40,79,47,5,FALSE
545,Scolipede,FALSE,Bug,Poison,485,60,100,89,55,69,112,5,FALSE
546,Cottonee,TRUE,Grass,Fairy,280,40,27,60,37,50,66,5,FALSE
547,Whimsicott,FALSE,Grass,Fairy,480,60,67,85,77,75,116,5,FALSE
548,Petilil,TRUE,Grass,,280,45,35,50,70,50,30,5,FALSE
549,Lilligant,FALSE,Grass,,480,70,60,75,110,75,90,5,FALSE
550,Basculin,FALSE,Water,,460,70,92,65,80,55,98,5,FALSE
551,Sandile,TRUE,Ground,Dark,292,50,72,35,35,35,65,5,FALSE
552,Krokorok,TRUE,Ground,Dark,351,60,82,45,45,45,74,5,FALSE
553,Krookodile,FALSE,Ground,Dark,519,95,117,80,65,70,92,5,FALSE
554,Darumaka,TRUE,Fire,,315,70,90,45,15,45,50,5,FALSE
555,DarmanitanStandard,FALSE,Fire,,480,105,140,55,30,55,95,5,FALSE
555,DarmanitanZen,FALSE,Fire,Psychic,540,105,30,105,140,105,55,5,FALSE
556,Maractus,FALSE,Grass,,461,75,86,67,106,67,60,5,FALSE
557,Dwebble,TRUE,Bug,Rock,325,50,65,85,35,35,55,5,FALSE
558,Crustle,FALSE,Bug,Rock,475,70,95,125,65,75,45,5,FALSE
559,Scraggy,TRUE,Dark,Fighting,348,50,75,70,35,70,48,5,FALSE
560,Scrafty,FALSE,Dark,Fighting,488,65,90,115,45,115,58,5,FALSE
561,Sigilyph,FALSE,Psychic,Flying,490,72,58,80,103,80,97,5,FALSE
562,Yamask,TRUE,Ghost,,303,38,30,85,55,65,30,5,FALSE
563,Cofagrigus,FALSE,Ghost,,483,58,50,145,95,105,30,5,FALSE
564,Tirtouga,TRUE,Water,Rock,355,54,78,103,53,45,22,5,FALSE
565,Carracosta,FALSE,Water,Rock,495,74,108,133,83,65,32,5,FALSE
566,Archen,TRUE,Rock,Flying,401,55,112,45,74,45,70,5,FALSE
567,Archeops,FALSE,Rock,Flying,567,75,140,65,112,65,110,5,FALSE
568,Trubbish,TRUE,Poison,,329,50,50,62,40,62,65,5,FALSE
569,Garbodor,FALSE,Poison,,474,80,95,82,60,82,75,5,FALSE
570,Zorua,TRUE,Dark,,330,40,65,40,80,40,65,5,FALSE
571,Zoroark,FALSE,Dark,,510,60,105,60,120,60,105,5,FALSE
572,Minccino,TRUE,Normal,,300,55,50,40,40,40,75,5,FALSE
573,Cinccino,FALSE,Normal,,470,75,95,60,65,60,115,5,FALSE
574,Gothita,TRUE,Psychic,,290,45,30,50,55,65,45,5,FALSE
575,Gothorita,TRUE,Psychic,,390,60,45,70,75,85,55,5,FALSE
576,Gothitelle,FALSE,Psychic,,490,70,55,95,95,110,65,5,FALSE
577,Solosis,TRUE,Psychic,,290,45,30,40,105,50,20,5,FALSE
578,Duosion,TRUE,Psychic,,370,65,40,50,125,60,30,5,FALSE
579,Reuniclus,FALSE,Psychic,,490,110,65,75,125,85,30,5,FALSE
580,Ducklett,TRUE,Water,Flying,305,62,44,50,44,50,55,5,FALSE
581,Swanna,FALSE,Water,Flying,473,75,87,63,87,63,98,5,FALSE
582,Vanillite,TRUE,Ice,,305,36,50,50,65,60,44,5,FALSE
583,Vanillish,TRUE,Ice,,395,51,65,65,80,75,59,5,FALSE
584,Vanilluxe,FALSE,Ice,,535,71,95,85,110,95,79,5,FALSE
585,Deerling,TRUE,Normal,Grass,335,60,60,50,40,50,75,5,FALSE
586,Sawsbuck,FALSE,Normal,Grass,475,80,100,70,60,70,95,5,FALSE
587,Emolga,FALSE,Electric,Flying,428,55,75,60,75,60,103,5,FALSE
588,Karrablast,TRUE,Bug,,315,50,75,45,40,45,60,5,FALSE
589,Escavalier,FALSE,Bug,Steel,495,70,135,105,60,105,20,5,FALSE
590,Foongus,TRUE,Grass,Poison,294,69,55,45,55,55,15,5,FALSE
591,Amoonguss,FALSE,Grass,Poison,464,114,85,70,85,80,30,5,FALSE
592,Frillish,TRUE,Water,Ghost,335,55,40,50,65,85,40,5,FALSE
593,Jellicent,FALSE,Water,Ghost,480,100,60,70,85,105,60,5,FALSE
594,Alomomola,FALSE,Water,,470,165,75,80,40,45,65,5,FALSE
595,Joltik,TRUE,Bug,Electric,319,50,47,50,57,50,65,5,FALSE
596,Galvantula,FALSE,Bug,Electric,472,70,77,60,97,60,108,5,FALSE
597,Ferroseed,TRUE,Grass,Steel,305,44,50,91,24,86,10,5,FALSE
598,Ferrothorn,FALSE,Grass,Steel,489,74,94,131,54,116,20,5,FALSE
599,Klink,TRUE,Steel,,300,40,55,70,45,60,30,5,FALSE
600,Klang,TRUE,Steel,,440,60,80,95,70,85,50,5,FALSE
601,Klinklang,FALSE,Steel,,520,60,100,115,70,85,90,5,FALSE
602,Tynamo,TRUE,Electric,,275,35,55,40,45,40,60,5,FALSE
603,Eelektrik,TRUE,Electric,,405,65,85,70,75,70,40,5,FALSE
604,Eelektross,FALSE,Electric,,515,85,115,80,105,80,50,5,FALSE
605,Elgyem,TRUE,Psychic,,335,55,55,55,85,55,30,5,FALSE
606,Beheeyem,FALSE,Psychic,,485,75,75,75,125,95,40,5,FALSE
607,Litwick,TRUE,Ghost,Fire,275,50,30,55,65,55,20,5,FALSE
608,Lampent,TRUE,Ghost,Fire,370,60,40,60,95,60,55,5,FALSE
609,Chandelure,FALSE,Ghost,Fire,520,60,55,90,145,90,80,5,FALSE
610,Axew,TRUE,Dragon,,320,46,87,60,30,40,57,5,FALSE
611,Fraxure,TRUE,Dragon,,410,66,117,70,40,50,67,5,FALSE
612,Haxorus,FALSE,Dragon,,540,76,147,90,60,70,97,5,FALSE
613,Cubchoo,TRUE,Ice,,305,55,70,40,60,40,40,5,FALSE
614,Beartic,FALSE,Ice,,485,95,110,80,70,80,50,5,FALSE
615,Cryogonal,FALSE,Ice,,485,70,50,30,95,135,105,5,FALSE
616,Shelmet,TRUE,Bug,,305,50,40,85,40,65,25,5,FALSE
617,Accelgor,FALSE,Bug,,495,80,70,40,100,60,145,5,FALSE
618,Stunfisk,FALSE,Ground,Electric,471,109,66,84,81,99,32,5,FALSE
619,Mienfoo,TRUE,Fighting,,350,45,85,50,55,50,65,5,FALSE
620,Mienshao,FALSE,Fighting,,510,65,125,60,95,60,105,5,FALSE
621,Druddigon,FALSE,Dragon,,485,77,120,90,60,90,48,5,FALSE
622,Golett,TRUE,Ground,Ghost,303,59,74,50,35,50,35,5,FALSE
623,Golurk,FALSE,Ground,Ghost,483,89,124,80,55,80,55,5,FALSE
624,Pawniard,TRUE,Dark,Steel,340,45,85,70,40,40,60,5,FALSE
625,Bisharp,FALSE,Dark,Steel,490,65,125,100,60,70,70,5,FALSE
626,Bouffalant,FALSE,Normal,,490,95,110,95,40,95,55,5,FALSE
627,Rufflet,TRUE,Normal,Flying,350,70,83,50,37,50,60,5,FALSE
628,Braviary,FALSE,Normal,Flying,510,100,123,75,57,75,80,5,FALSE
629,Vullaby,TRUE,Dark,Flying,370,70,55,75,45,65,60,5,FALSE
630,Mandibuzz,FALSE,Dark,Flying,510,110,65,105,55,95,80,5,FALSE
631,Heatmor,FALSE,Fire,,484,85,97,66,105,66,65,5,FALSE
632,Durant,FALSE,Bug,Steel,484,58,109,112,48,48,109,5,FALSE
633,Deino,TRUE,Dark,Dragon,300,52,65,50,45,50,38,5,FALSE
634,Zweilous,TRUE,Dark,Dragon,420,72,85,70,65,70,58,5,FALSE
635,Hydreigon,FALSE,Dark,Dragon,600,92,105,90,125,90,98,5,FALSE
636,Larvesta,TRUE,Bug,Fire,360,55,85,55,50,55,60,5,FALSE
637,Volcarona,FALSE,Bug,Fire,550,85,60,65,135,105,100,5,FALSE
638,Cobalion,FALSE,Steel,Fighting,580,91,90,129,90,72,108,5,TRUE
639,Terrakion,FALSE,Rock,Fighting,580,91,129,90,72,90,108,5,TRUE
640,Virizion,FALSE,Grass,Fighting,580,91,90,72,90,129,108,5,TRUE
641,TornadusIncarnate,FALSE,Flying,,580,79,115,70,125,80,111,5,TRUE
641,TornadusTherian,FALSE,Flying,,580,79,100,80,110,90,121,5,TRUE
642,ThundurusIncarnate,FALSE,Electric,Flying,580,79,115,70,125,80,111,5,TRUE
642,ThundurusTherian,FALSE,Electric,Flying,580,79,105,70,145,80,101,5,TRUE
643,Reshiram,FALSE,Dragon,Fire,680,100,120,100,150,120,90,5,TRUE
644,Zekrom,FALSE,Dragon,Electric,680,100,150,120,120,100,90,5,TRUE
645,LandorusIncarnate,FALSE,Ground,Flying,600,89,125,90,115,80,101,5,TRUE
645,LandorusTherian,FALSE,Ground,Flying,600,89,145,90,105,80,91,5,TRUE
646,Kyurem,FALSE,Dragon,Ice,660,125,130,90,130,90,95,5,TRUE
646,KyuremBlack,FALSE,Dragon,Ice,700,125,170,100,120,90,95,5,TRUE
646,KyuremWhite,FALSE,Dragon,Ice,700,125,120,90,170,100,95,5,TRUE
647,Keldeo,FALSE,Water,Fighting,580,91,72,90,129,90,108,5,FALSE
648,MeloettaAria,FALSE,Normal,Psychic,600,100,77,77,128,128,90,5,FALSE
648,MeloettaPirouette,FALSE,Normal,Fighting,600,100,128,90,77,77,128,5,FALSE
649,Genesect,FALSE,Bug,Steel,600,71,120,95,120,95,99,5,FALSE
650,Chespin,TRUE,Grass,,313,56,61,65,48,45,38,6,FALSE
651,Quilladin,TRUE,Grass,,405,61,78,95,56,58,57,6,FALSE
652,Chesnaught,FALSE,Grass,Fighting,530,88,107,122,74,75,64,6,FALSE
653,Fennekin,TRUE,Fire,,307,40,45,40,62,60,60,6,FALSE
654,Braixen,TRUE,Fire,,409,59,59,58,90,70,73,6,FALSE
655,Delphox,FALSE,Fire,Psychic,534,75,69,72,114,100,104,6,FALSE
656,Froakie,TRUE,Water,,314,41,56,40,62,44,71,6,FALSE
657,Frogadier,TRUE,Water,,405,54,63,52,83,56,97,6,FALSE
658,Greninja,FALSE,Water,Dark,530,72,95,67,103,71,122,6,FALSE
658,GreninjaAsh,FALSE,Water,Dark,640,72,145,67,153,71,132,6,FALSE
659,Bunnelby,TRUE,Normal,,237,38,36,38,32,36,57,6,FALSE
660,Diggersby,FALSE,Normal,Ground,423,85,56,77,50,77,78,6,FALSE
661,Fletchling,TRUE,Normal,Flying,278,45,50,43,40,38,62,6,FALSE
662,Fletchinder,TRUE,Fire,Flying,382,62,73,55,56,52,84,6,FALSE
663,Talonflame,FALSE,Fire,Flying,499,78,81,71,74,69,126,6,FALSE
664,Scatterbug,TRUE,Bug,,200,38,35,40,27,25,35,6,FALSE
665,Spewpa,TRUE,Bug,,213,45,22,60,27,30,29,6,FALSE
666,Vivillon,FALSE,Bug,Flying,411,80,52,50,90,50,89,6,FALSE
667,Litleo,TRUE,Fire,Normal,369,62,50,58,73,54,72,6,FALSE
668,Pyroar,FALSE,Fire,Normal,507,86,68,72,109,66,106,6,FALSE
669,Flabebe,TRUE,Fairy,,303,44,38,39,61,79,42,6,FALSE
670,Floette,TRUE,Fairy,,371,54,45,47,75,98,52,6,FALSE
671,Florges,FALSE,Fairy,,552,78,65,68,112,154,75,6,FALSE
672,Skiddo,TRUE,Grass,,350,66,65,48,62,57,52,6,FALSE
673,Gogoat,FALSE,Grass,,531,123,100,62,97,81,68,6,FALSE
674,Pancham,TRUE,Fighting,,348,67,82,62,46,48,43,6,FALSE
675,Pangoro,FALSE,Fighting,Dark,495,95,124,78,69,71,58,6,FALSE
676,Furfrou,FALSE,Normal,,472,75,80,60,65,90,102,6,FALSE
677,Espurr,TRUE,Psychic,,355,62,48,54,63,60,68,6,FALSE
678,Meowstic,FALSE,Psychic,,466,74,48,76,83,81,104,6,FALSE
679,Honedge,TRUE,Steel,Ghost,325,45,80,100,35,37,28,6,FALSE
680,Doublade,TRUE,Steel,Ghost,448,59,110,150,45,49,35,6,FALSE
681,AegislashBlade,FALSE,Steel,Ghost,520,60,150,50,150,50,60,6,FALSE
681,AegislashShield,FALSE,Steel,Ghost,520,60,50,150,50,150,60,6,FALSE
682,Spritzee,TRUE,Fairy,,341,78,52,60,63,65,23,6,FALSE
683,Aromatisse,FALSE,Fairy,,462,101,72,72,99,89,29,6,FALSE
684,Swirlix,TRUE,Fairy,,341,62,48,66,59,57,49,6,FALSE
685,Slurpuff,FALSE,Fairy,,480,82,80,86,85,75,72,6,FALSE
686,Inkay,TRUE,Dark,Psychic,288,53,54,53,37,46,45,6,FALSE
687,Malamar,FALSE,Dark,Psychic,482,86,92,88,68,75,73,6,FALSE
688,Binacle,TRUE,Rock,Water,306,42,52,67,39,56,50,6,FALSE
689,Barbaracle,FALSE,Rock,Water,500,72,105,115,54,86,68,6,FALSE
690,Skrelp,TRUE,Poison,Water,320,50,60,60,60,60,30,6,FALSE
691,Dragalge,FALSE,Poison,Dragon,494,65,75,90,97,123,44,6,FALSE
692,Clauncher,TRUE,Water,,330,50,53,62,58,63,44,6,FALSE
693,Clawitzer,FALSE,Water,,500,71,73,88,120,89,59,6,FALSE
694,Helioptile,TRUE,Electric,Normal,289,44,38,33,61,43,70,6,FALSE
695,Heliolisk,FALSE,Electric,Normal,481,62,55,52,109,94,109,6,FALSE
696,Tyrunt,TRUE,Rock,Dragon,362,58,89,77,45,45,48,6,FALSE
697,Tyrantrum,FALSE,Rock,Dragon,521,82,121,119,69,59,71,6,FALSE
698,Amaura,TRUE,Rock,Ice,362,77,59,50,67,63,46,6,FALSE
699,Aurorus,FALSE,Rock,Ice,521,123,77,72,99,92,58,6,FALSE
700,Sylveon,FALSE,Fairy,,525,95,65,65,110,130,60,6,FALSE
701,Hawlucha,FALSE,Fighting,Flying,500,78,92,75,74,63,118,6,FALSE
702,Dedenne,FALSE,Electric,Fairy,431,67,58,57,81,67,101,6,FALSE
703,Carbink,FALSE,Rock,Fairy,500,50,50,150,50,150,50,6,FALSE
704,Goomy,TRUE,Dragon,,300,45,50,35,55,75,40,6,FALSE
705,Sliggoo,TRUE,Dragon,,452,68,75,53,83,113,60,6,FALSE
706,Goodra,FALSE,Dragon,,600,90,100,70,110,150,80,6,FALSE
707,Klefki,FALSE,Steel,Fairy,470,57,80,91,80,87,75,6,FALSE
708,Phantump,TRUE,Ghost,Grass,309,43,70,48,50,60,38,6,FALSE
709,Trevenant,FALSE,Ghost,Grass,474,85,110,76,65,82,56,6,FALSE
710,PumpkabooAverage,TRUE,Ghost,Grass,335,49,66,70,44,55,51,6,FALSE
710,PumpkabooSmall,TRUE,Ghost,Grass,335,44,66,70,44,55,56,6,FALSE
710,PumpkabooLarge,TRUE,Ghost,Grass,335,54,66,70,44,55,46,6,FALSE
710,PumpkabooSuper,TRUE,Ghost,Grass,335,59,66,70,44,55,41,6,FALSE
711,GourgeistAverage,FALSE,Ghost,Grass,494,65,90,122,58,75,84,6,FALSE
711,GourgeistSmall,FALSE,Ghost,Grass,494,55,85,122,58,75,99,6,FALSE
711,GourgeistLarge,FALSE,Ghost,Grass,494,75,95,122,58,75,69,6,FALSE
711,GourgeistSuper,FALSE,Ghost,Grass,494,85,100,122,58,75,54,6,FALSE
712,Bergmite,TRUE,Ice,,304,55,69,85,32,35,28,6,FALSE
713,Avalugg,FALSE,Ice,,514,95,117,184,44,46,28,6,FALSE
714,Noibat,TRUE,Flying,Dragon,245,40,30,35,45,40,55,6,FALSE
715,Noivern,FALSE,Flying,Dragon,535,85,70,80,97,80,123,6,FALSE
716,Xerneas,FALSE,Fairy,,680,126,131,95,131,98,99,6,TRUE
717,Yveltal,FALSE,Dark,Flying,680,126,131,95,131,98,99,6,TRUE
718,Zygarde50%,FALSE,Dragon,Ground,600,108,100,121,81,95,95,6,TRUE
718,Zygarde-10%,FALSE,Dragon,Ground,486,54,100,71,61,85,115,7,TRUE
718,ZygardeComplete,FALSE,Dragon,Ground,708,216,100,121,91,95,85,7,TRUE
719,Diancie,FALSE,Rock,Fairy,600,50,100,150,100,150,50,6,TRUE
719,DiancieMega,FALSE,Rock,Fairy,700,50,160,110,160,110,110,6,TRUE
720,HoopaConfined,FALSE,Psychic,Ghost,600,80,110,60,150,130,70,6,TRUE
720,HoopaUnbound,FALSE,Psychic,Dark,680,80,160,60,170,130,80,6,TRUE
721,Volcanion,FALSE,Fire,Water,600,80,110,120,130,90,70,6,TRUE
722,Rowlet,TRUE,Grass,Flying,320,68,55,55,50,50,42,7,FALSE
723,Dartrix,TRUE,Grass,Flying,420,78,75,75,70,70,52,7,FALSE
724,Decidueye,FALSE,Grass,Ghost,530,78,107,75,100,100,70,7,FALSE
725,Litten,TRUE,Fire,,320,45,65,40,60,40,70,7,FALSE
726,Torracat,TRUE,Fire,,420,65,85,50,80,50,90,7,FALSE
727,Incineroar,FALSE,Fire,Dark,530,95,115,90,80,90,60,7,FALSE
728,Popplio,TRUE,Water,,320,50,54,54,66,56,40,7,FALSE
729,Brionne,TRUE,Water,,420,60,69,69,91,81,50,7,FALSE
730,Primarina,FALSE,Water,Fairy,530,80,74,74,126,116,60,7,FALSE
731,Pikipek,TRUE,Normal,Flying,265,35,75,30,30,30,65,7,FALSE
732,Trumbeak,TRUE,Normal,Flying,355,55,85,50,40,50,75,7,FALSE
733,Toucannon,FALSE,Normal,Flying,485,80,120,75,75,75,60,7,FALSE
734,Yungoos,TRUE,Normal,,253,48,70,30,30,30,45,7,FALSE
735,Gumshoos,FALSE,Normal,,418,88,110,60,55,60,45,7,FALSE
736,Grubbin,TRUE,Bug,,300,47,62,45,55,45,46,7,FALSE
737,Charjabug,TRUE,Bug,Electric,400,57,82,95,55,75,36,7,FALSE
738,Vikavolt,FALSE,Bug,Electric,500,77,70,90,145,75,43,7,FALSE
739,Crabrawler,TRUE,Fighting,,338,47,82,57,42,47,63,7,FALSE
740,Crabominable,FALSE,Fighting,Ice,478,97,132,77,62,67,43,7,FALSE
741,OricorioBaile,FALSE,Fire,Flying,476,75,70,70,98,70,93,7,FALSE
741,OricorioPomPom,FALSE,Electric,Flying,476,75,70,70,98,70,93,7,FALSE
741,OricorioSensu,FALSE,Ghost,Flying,476,75,70,70,98,70,93,7,FALSE
741,OricorioPa'u,FALSE,Psychic,Flying,476,75,70,70,98,70,93,7,FALSE
742,Cutiefly,TRUE,Bug,Fairy,304,40,45,40,55,40,84,7,FALSE
743,Ribombee,FALSE,Bug,Fairy,464,60,55,60,95,70,124,7,FALSE
744,Rockruff,TRUE,Rock,,280,45,65,40,30,40,60,7,FALSE
745,Lycanroc,FALSE,Rock,,487,75,115,65,55,65,112,7,FALSE
745,LycanrocMidnight,FALSE,Rock,,487,85,115,75,55,75,82,7,FALSE
745,LycanrocDusk,FALSE,Rock,,487,75,117,65,55,65,110,7,FALSE
746,WishiwashiSolo,FALSE,Water,,175,45,20,20,25,25,40,7,FALSE
746,WishiwashiSchool,FALSE,Water,,620,45,140,130,140,135,30,7,FALSE
747,Mareanie,TRUE,Poison,Water,305,50,53,62,43,52,45,7,FALSE
748,Toxapex,FALSE,Poison,Water,495,50,63,152,53,142,35,7,FALSE
749,Mudbray,TRUE,Ground,,385,70,100,70,45,55,45,7,FALSE
750,Mudsdale,FALSE,Ground,,500,100,125,100,55,85,35,7,FALSE
751,Dewpider,TRUE,Water,Bug,269,38,40,52,40,72,27,7,FALSE
752,Araquanid,FALSE,Water,Bug,454,68,70,92,50,132,42,7,FALSE
753,Fomantis,FALSE,Grass,,250,40,55,35,50,35,35,7,FALSE
754,Lurantis,FALSE,Grass,,480,70,105,90,80,90,45,7,FALSE
755,Morelull,TRUE,Grass,Fairy,285,40,35,55,65,75,15,7,FALSE
756,Shiinotic,FALSE,Grass,Fairy,405,60,45,80,90,100,30,7,FALSE
757,Salandit,TRUE,Poison,Fire,320,48,44,40,71,40,77,7,FALSE
758,Salazzle,FALSE,Poison,Fire,480,68,64,60,111,60,117,7,FALSE
759,Stufful,TRUE,Normal,Fighting,340,70,75,50,45,50,50,7,FALSE
760,Bewear,FALSE,Normal,Fighting,500,120,125,80,55,60,60,7,FALSE
761,Bounsweet,TRUE,Grass,,210,42,30,38,30,38,32,7,FALSE
762,Steenee,TRUE,Grass,,290,52,40,48,40,48,62,7,FALSE
763,Tsareena,FALSE,Grass,,510,72,120,98,50,98,72,7,FALSE
764,Comfey,FALSE,Fairy,,485,51,52,90,82,110,100,7,FALSE
765,Oranguru,FALSE,Normal,Psychic,490,90,60,80,90,110,60,7,FALSE
766,Passimian,FALSE,Fighting,,490,100,120,90,40,60,80,7,FALSE
767,Wimpod,TRUE,Bug,Water,230,25,35,40,20,30,80,7,FALSE
768,Golisopod,FALSE,Bug,Water,530,75,125,140,60,90,40,7,FALSE
769,Sandygast,TRUE,Ghost,Ground,320,55,55,80,70,45,15,7,FALSE
770,Palossand,FALSE,Ghost,Ground,480,85,75,110,100,75,35,7,FALSE
771,Pyukumuku,FALSE,Water,,410,55,60,130,30,130,5,7,FALSE
772,Type: Null,TRUE,Normal,,534,95,95,95,95,95,59,7,TRUE
773,SilvallyNormal,FALSE,Normal,,570,95,95,95,95,95,95,7,TRUE
773,SilvallyFairy,FALSE,Fairy,,570,95,95,95,95,95,95,7,TRUE
773,SilvallyGround,FALSE,Ground,,570,95,95,95,95,95,95,7,TRUE
773,SilvallySteel,FALSE,Steel,,570,95,95,95,95,95,95,7,TRUE
773,SilvallyDark,FALSE,Dark,,570,95,95,95,95,95,95,7,TRUE
773,SilvallyGhost,FALSE,Ghost,,570,95,95,95,95,95,95,7,TRUE
773,SilvallyPoison,FALSE,Poison,,570,95,95,95,95,95,95,7,TRUE
773,SilvallyWater,FALSE,Water,,570,95,95,95,95,95,95,7,TRUE
773,SilvallyRock,FALSE,Rock,,570,95,95,95,95,95,95,7,TRUE
773,SilvallyFlying,FALSE,Flying,,570,95,95,95,95,95,95,7,TRUE
773,SilvallyFire,FALSE,Fire,,570,95,95,95,95,95,95,7,TRUE
773,SilvallyElectric,FALSE,Electric,,570,95,95,95,95,95,95,7,TRUE
773,SilvallyGrass,FALSE,Grass,,570,95,95,95,95,95,95,7,TRUE
773,SilvallyDragon,FALSE,Dragon,,570,95,95,95,95,95,95,7,TRUE
773,SilvallyIce,FALSE,Ice,,570,95,95,95,95,95,95,7,TRUE
773,SilvallyFighting,FALSE,Fighting,,570,95,95,95,95,95,95,7,TRUE
773,SilvallyPsychic,FALSE,Psychic,,570,95,95,95,95,95,95,7,TRUE
773,SilvallyBug,FALSE,Bug,,570,95,95,95,95,95,95,7,TRUE
774,MiniorCore,FALSE,Rock,Flying,500,60,100,60,100,60,120,7,FALSE
774,MiniorMeteor,FALSE,Rock,Flying,440,60,60,100,60,100,60,7,FALSE
775,Komala,FALSE,Normal,,480,65,115,65,75,95,65,7,FALSE
776,Turtonator,FALSE,Fire,Dragon,485,60,78,135,91,85,36,7,FALSE
777,Togedemaru,FALSE,Electric,Steel,435,65,98,63,40,73,96,7,FALSE
778,Mimikyu,FALSE,Ghost,Fairy,476,55,90,80,50,105,96,7,FALSE
779,Bruxish,FALSE,Water,Psychic,475,68,105,70,70,70,92,7,FALSE
780,Drampa,FALSE,Normal,Dragon,485,78,60,85,135,91,36,7,FALSE
781,Dhelmise,FALSE,Ghost,Grass,517,70,131,100,86,90,40,7,FALSE
782,Jangmo-o,TRUE,Dragon,,300,45,55,65,45,45,45,7,FALSE
783,Hakamo-o,FALSE,Dragon,Fighting,420,55,75,90,65,70,65,7,FALSE
784,Kommo-o,FALSE,Dragon,Fighting,600,75,110,125,100,105,85,7,FALSE
785,Tapu Koko,FALSE,Electric,Fairy,570,70,115,85,95,75,130,7,TRUE
786,Tapu Lele,FALSE,Psychic,Fairy,570,70,85,75,130,115,95,7,TRUE
787,Tapu Bulu,FALSE,Grass,Fairy,570,70,130,115,85,95,75,7,TRUE
788,Tapu Fini,FALSE,Water,Fairy,570,70,75,115,95,130,85,7,TRUE
789,Cosmog,TRUE,Psychic,,200,43,29,31,29,31,37,7,TRUE
790,Cosmoem,TRUE,Psychic,,400,43,29,131,29,131,37,7,TRUE
791,Solgaleo,FALSE,Psychic,Steel,680,137,137,107,113,89,97,7,TRUE
792,Lunala,FALSE,Psychic,Ghost,680,137,113,89,137,107,97,7,TRUE
793,Nihilego,FALSE,Rock,Poison,570,109,53,47,127,131,103,7,TRUE
794,Buzzwole,FALSE,Bug,Fighting,570,107,139,139,53,53,79,7,TRUE
795,Pheromosa,FALSE,Bug,Fighting,570,71,137,37,137,37,151,7,TRUE
796,Xurkitree,FALSE,Electric,,570,83,89,71,173,71,83,7,TRUE
797,Celesteela,FALSE,Steel,Flying,570,97,101,103,107,101,61,7,TRUE
798,Kartana,FALSE,Grass,Steel,570,59,181,131,59,31,109,7,TRUE
799,Guzzlord,FALSE,Dark,Dragon,570,223,101,53,97,53,43,7,TRUE
800,Necrozma,FALSE,Psychic,,600,97,107,101,127,89,79,7,TRUE
800,NecrozmaDawnWings,FALSE,Psychic,Ghost,680,97,113,109,157,127,77,7,TRUE
800,NecrozmaDuskMane,FALSE,Psychic,Steel,680,97,157,127,113,109,77,7,TRUE
800,NecrozmaUltra,FALSE,Psychic,Dragon,754,97,167,97,167,97,129,7,TRUE
801,Magearna,FALSE,Steel,Fairy,600,80,95,115,130,115,65,7,TRUE
802,Marshadow,FALSE,Fighting,Ghost,600,90,125,80,90,90,125,7,TRUE
803,Poipole,TRUE,Poison,,420,67,73,67,73,67,73,7,TRUE
804,Naganadel,FALSE,Poison,Dragon,540,73,73,73,127,73,121,7,TRUE
805,Stakataka,FALSE,Rock,Steel,570,61,131,211,53,101,13,7,TRUE
806,Blacephalon,FALSE,Fire,Ghost,570,53,127,53,151,79,107,7,